Date,Day,Weekend,Holiday,Exam_Week,Students_Present,Temperature_C,Item,Actual_Demand,Prepared,Sold,Waste,Waste_Percentage,Price
2024-01-01,Monday,False,False,False,974,24.7,Samosa,137,188,135,53,28.19,12
2024-01-01,Monday,False,False,False,974,24.7,Vada Pav,100,138,103,35,25.36,15
2024-01-01,Monday,False,False,False,974,24.7,Sandwich,87,107,84,23,21.5,40
2024-01-01,Monday,False,False,False,974,24.7,Tea,156,185,141,44,23.78,8
2024-01-01,Monday,False,False,False,974,24.7,Coffee,101,107,95,12,11.21,15
2024-01-01,Monday,False,False,False,974,24.7,Cold Drink,98,99,91,8,8.08,20
2024-01-01,Monday,False,False,False,974,24.7,Veg Puff,92,102,92,10,9.8,18
2024-01-01,Monday,False,False,False,974,24.7,Maggi,61,65,61,4,6.15,30
2024-01-02,Tuesday,False,False,False,727,25.8,Samosa,89,98,86,12,12.24,12
2024-01-02,Tuesday,False,False,False,727,25.8,Vada Pav,94,107,89,18,16.82,15
2024-01-02,Tuesday,False,False,False,727,25.8,Sandwich,75,72,72,0,0.0,40
2024-01-02,Tuesday,False,False,False,727,25.8,Tea,89,84,84,0,0.0,8
2024-01-02,Tuesday,False,False,False,727,25.8,Coffee,94,110,93,17,15.45,15
2024-01-02,Tuesday,False,False,False,727,25.8,Cold Drink,72,66,66,0,0.0,20
2024-01-02,Tuesday,False,False,False,727,25.8,Veg Puff,57,74,57,17,22.97,18
2024-01-02,Tuesday,False,False,False,727,25.8,Maggi,41,49,40,9,18.37,30
2024-01-03,Wednesday,False,False,False,798,26.2,Samosa,118,152,113,39,25.66,12
2024-01-03,Wednesday,False,False,False,798,26.2,Vada Pav,81,97,84,13,13.4,15
2024-01-03,Wednesday,False,False,False,798,26.2,Sandwich,71,79,67,12,15.19,40
2024-01-03,Wednesday,False,False,False,798,26.2,Tea,110,139,117,22,15.83,8
2024-01-03,Wednesday,False,False,False,798,26.2,Coffee,93,120,94,26,21.67,15
2024-01-03,Wednesday,False,False,False,798,26.2,Cold Drink,78,93,83,10,10.75,20
2024-01-03,Wednesday,False,False,False,798,26.2,Veg Puff,66,91,57,34,37.36,18
2024-01-03,Wednesday,False,False,False,798,26.2,Maggi,62,72,61,11,15.28,30
2024-01-04,Thursday,False,False,False,913,21.0,Samosa,119,143,127,16,11.19,12
2024-01-04,Thursday,False,False,False,913,21.0,Vada Pav,91,93,88,5,5.38,15
2024-01-04,Thursday,False,False,False,913,21.0,Sandwich,94,112,91,21,18.75,40
2024-01-04,Thursday,False,False,False,913,21.0,Tea,178,207,186,21,10.14,8
2024-01-04,Thursday,False,False,False,913,21.0,Coffee,117,128,114,14,10.94,15
2024-01-04,Thursday,False,False,False,913,21.0,Cold Drink,59,70,59,11,15.71,20
2024-01-04,Thursday,False,False,False,913,21.0,Veg Puff,76,84,70,14,16.67,18
2024-01-04,Thursday,False,False,False,913,21.0,Maggi,63,69,60,9,13.04,30
2024-01-05,Friday,False,False,False,875,25.8,Samosa,139,163,140,23,14.11,12
2024-01-05,Friday,False,False,False,875,25.8,Vada Pav,91,78,78,0,0.0,15
2024-01-05,Friday,False,False,False,875,25.8,Sandwich,83,126,82,44,34.92,40
2024-01-05,Friday,False,False,False,875,25.8,Tea,146,167,137,30,17.96,8
2024-01-05,Friday,False,False,False,875,25.8,Coffee,116,146,120,26,17.81,15
2024-01-05,Friday,False,False,False,875,25.8,Cold Drink,82,111,76,35,31.53,20
2024-01-05,Friday,False,False,False,875,25.8,Veg Puff,77,113,73,40,35.4,18
2024-01-05,Friday,False,False,False,875,25.8,Maggi,59,68,57,11,16.18,30
2024-01-06,Saturday,True,False,False,422,25.1,Samosa,26,31,24,7,22.58,12
2024-01-06,Saturday,True,False,False,422,25.1,Vada Pav,45,46,44,2,4.35,15
2024-01-06,Saturday,True,False,False,422,25.1,Sandwich,34,32,32,0,0.0,40
2024-01-06,Saturday,True,False,False,422,25.1,Tea,68,61,61,0,0.0,8
2024-01-06,Saturday,True,False,False,422,25.1,Coffee,38,48,35,13,27.08,15
2024-01-06,Saturday,True,False,False,422,25.1,Cold Drink,17,20,17,3,15.0,20
2024-01-06,Saturday,True,False,False,422,25.1,Veg Puff,26,31,25,6,19.35,18
2024-01-06,Saturday,True,False,False,422,25.1,Maggi,22,26,21,5,19.23,30
2024-01-07,Sunday,True,False,False,593,25.9,Samosa,41,51,39,12,23.53,12
2024-01-07,Sunday,True,False,False,593,25.9,Vada Pav,51,67,48,19,28.36,15
2024-01-07,Sunday,True,False,False,593,25.9,Sandwich,47,56,48,8,14.29,40
2024-01-07,Sunday,True,False,False,593,25.9,Tea,95,105,91,14,13.33,8
2024-01-07,Sunday,True,False,False,593,25.9,Coffee,39,40,38,2,5.0,15
2024-01-07,Sunday,True,False,False,593,25.9,Cold Drink,46,54,47,7,12.96,20
2024-01-07,Sunday,True,False,False,593,25.9,Veg Puff,34,46,33,13,28.26,18
2024-01-07,Sunday,True,False,False,593,25.9,Maggi,47,58,44,14,24.14,30
2024-01-08,Monday,False,False,False,739,26.0,Samosa,95,119,97,22,18.49,12
2024-01-08,Monday,False,False,False,739,26.0,Vada Pav,77,78,71,7,8.97,15
2024-01-08,Monday,False,False,False,739,26.0,Sandwich,65,83,65,18,21.69,40
2024-01-08,Monday,False,False,False,739,26.0,Tea,100,117,101,16,13.68,8
2024-01-08,Monday,False,False,False,739,26.0,Coffee,77,90,77,13,14.44,15
2024-01-08,Monday,False,False,False,739,26.0,Cold Drink,67,80,68,12,15.0,20
2024-01-08,Monday,False,False,False,739,26.0,Veg Puff,69,90,64,26,28.89,18
2024-01-08,Monday,False,False,False,739,26.0,Maggi,47,57,48,9,15.79,30
2024-01-09,Tuesday,False,False,False,977,32.7,Samosa,137,180,143,37,20.56,12
2024-01-09,Tuesday,False,False,False,977,32.7,Vada Pav,109,120,113,7,5.83,15
2024-01-09,Tuesday,False,False,False,977,32.7,Sandwich,85,94,82,12,12.77,40
2024-01-09,Tuesday,False,False,False,977,32.7,Tea,126,188,114,74,39.36,8
2024-01-09,Tuesday,False,False,False,977,32.7,Coffee,99,89,89,0,0.0,15
2024-01-09,Tuesday,False,False,False,977,32.7,Cold Drink,145,168,137,31,18.45,20
2024-01-09,Tuesday,False,False,False,977,32.7,Veg Puff,76,95,73,22,23.16,18
2024-01-09,Tuesday,False,False,False,977,32.7,Maggi,71,82,68,14,17.07,30
2024-01-10,Wednesday,False,False,False,1221,26.3,Samosa,138,162,133,29,17.9,12
2024-01-10,Wednesday,False,False,False,1221,26.3,Vada Pav,136,140,135,5,3.57,15
2024-01-10,Wednesday,False,False,False,1221,26.3,Sandwich,119,152,111,41,26.97,40
2024-01-10,Wednesday,False,False,False,1221,26.3,Tea,190,204,183,21,10.29,8
2024-01-10,Wednesday,False,False,False,1221,26.3,Coffee,162,196,151,45,22.96,15
2024-01-10,Wednesday,False,False,False,1221,26.3,Cold Drink,138,202,145,57,28.22,20
2024-01-10,Wednesday,False,False,False,1221,26.3,Veg Puff,90,96,95,1,1.04,18
2024-01-10,Wednesday,False,False,False,1221,26.3,Maggi,83,100,86,14,14.0,30
2024-01-11,Thursday,False,False,False,760,24.9,Samosa,62,61,61,0,0.0,12
2024-01-11,Thursday,False,False,False,760,24.9,Vada Pav,68,94,63,31,32.98,15
2024-01-11,Thursday,False,False,False,760,24.9,Sandwich,68,79,72,7,8.86,40
2024-01-11,Thursday,False,False,False,760,24.9,Tea,105,139,105,34,24.46,8
2024-01-11,Thursday,False,False,False,760,24.9,Coffee,82,99,82,17,17.17,15
2024-01-11,Thursday,False,False,False,760,24.9,Cold Drink,70,81,68,13,16.05,20
2024-01-11,Thursday,False,False,False,760,24.9,Veg Puff,64,79,69,10,12.66,18
2024-01-11,Thursday,False,False,False,760,24.9,Maggi,46,67,41,26,38.81,30
2024-01-12,Friday,False,False,False,877,26.2,Samosa,120,126,118,8,6.35,12
2024-01-12,Friday,False,False,False,877,26.2,Vada Pav,87,92,90,2,2.17,15
2024-01-12,Friday,False,False,False,877,26.2,Sandwich,85,88,88,0,0.0,40
2024-01-12,Friday,False,False,False,877,26.2,Tea,145,184,149,35,19.02,8
2024-01-12,Friday,False,False,False,877,26.2,Coffee,94,100,97,3,3.0,15
2024-01-12,Friday,False,False,False,877,26.2,Cold Drink,98,112,98,14,12.5,20
2024-01-12,Friday,False,False,False,877,26.2,Veg Puff,82,87,84,3,3.45,18
2024-01-12,Friday,False,False,False,877,26.2,Maggi,62,69,65,4,5.8,30
2024-01-13,Saturday,True,False,False,541,26.6,Samosa,66,76,68,8,10.53,12
2024-01-13,Saturday,True,False,False,541,26.6,Vada Pav,37,44,36,8,18.18,15
2024-01-13,Saturday,True,False,False,541,26.6,Sandwich,36,44,34,10,22.73,40
2024-01-13,Saturday,True,False,False,541,26.6,Tea,91,90,85,5,5.56,8
2024-01-13,Saturday,True,False,False,541,26.6,Coffee,56,71,57,14,19.72,15
2024-01-13,Saturday,True,False,False,541,26.6,Cold Drink,46,52,43,9,17.31,20
2024-01-13,Saturday,True,False,False,541,26.6,Veg Puff,32,33,33,0,0.0,18
2024-01-13,Saturday,True,False,False,541,26.6,Maggi,26,26,25,1,3.85,30
2024-01-14,Sunday,True,False,False,520,23.9,Samosa,38,45,38,7,15.56,12
2024-01-14,Sunday,True,False,False,520,23.9,Vada Pav,33,35,33,2,5.71,15
2024-01-14,Sunday,True,False,False,520,23.9,Sandwich,22,20,20,0,0.0,40
2024-01-14,Sunday,True,False,False,520,23.9,Tea,59,70,63,7,10.0,8
2024-01-14,Sunday,True,False,False,520,23.9,Coffee,55,61,54,7,11.48,15
2024-01-14,Sunday,True,False,False,520,23.9,Cold Drink,25,28,24,4,14.29,20
2024-01-14,Sunday,True,False,False,520,23.9,Veg Puff,32,32,32,0,0.0,18
2024-01-14,Sunday,True,False,False,520,23.9,Maggi,36,40,36,4,10.0,30
2024-01-15,Monday,False,False,False,1003,24.2,Samosa,136,156,136,20,12.82,12
2024-01-15,Monday,False,False,False,1003,24.2,Vada Pav,98,113,100,13,11.5,15
2024-01-15,Monday,False,False,False,1003,24.2,Sandwich,107,138,118,20,14.49,40
2024-01-15,Monday,False,False,False,1003,24.2,Tea,159,203,160,43,21.18,8
2024-01-15,Monday,False,False,False,1003,24.2,Coffee,149,153,142,11,7.19,15
2024-01-15,Monday,False,False,False,1003,24.2,Cold Drink,90,74,74,0,0.0,20
2024-01-15,Monday,False,False,False,1003,24.2,Veg Puff,77,90,78,12,13.33,18
2024-01-15,Monday,False,False,False,1003,24.2,Maggi,84,108,81,27,25.0,30
2024-01-16,Tuesday,False,False,False,765,26.0,Samosa,86,122,91,31,25.41,12
2024-01-16,Tuesday,False,False,False,765,26.0,Vada Pav,76,67,67,0,0.0,15
2024-01-16,Tuesday,False,False,False,765,26.0,Sandwich,71,94,65,29,30.85,40
2024-01-16,Tuesday,False,False,False,765,26.0,Tea,114,131,114,17,12.98,8
2024-01-16,Tuesday,False,False,False,765,26.0,Coffee,85,105,80,25,23.81,15
2024-01-16,Tuesday,False,False,False,765,26.0,Cold Drink,78,91,80,11,12.09,20
2024-01-16,Tuesday,False,False,False,765,26.0,Veg Puff,69,67,63,4,5.97,18
2024-01-16,Tuesday,False,False,False,765,26.0,Maggi,63,75,60,15,20.0,30
2024-01-17,Wednesday,False,False,False,1132,25.2,Samosa,165,191,182,9,4.71,12
2024-01-17,Wednesday,False,False,False,1132,25.2,Vada Pav,136,151,142,9,5.96,15
2024-01-17,Wednesday,False,False,False,1132,25.2,Sandwich,112,151,106,45,29.8,40
2024-01-17,Wednesday,False,False,False,1132,25.2,Tea,197,257,179,78,30.35,8
2024-01-17,Wednesday,False,False,False,1132,25.2,Coffee,124,104,104,0,0.0,15
2024-01-17,Wednesday,False,False,False,1132,25.2,Cold Drink,120,165,120,45,27.27,20
2024-01-17,Wednesday,False,False,False,1132,25.2,Veg Puff,106,99,96,3,3.03,18
2024-01-17,Wednesday,False,False,False,1132,25.2,Maggi,81,97,80,17,17.53,30
2024-01-18,Thursday,False,False,False,589,24.8,Samosa,62,77,63,14,18.18,12
2024-01-18,Thursday,False,False,False,589,24.8,Vada Pav,53,56,50,6,10.71,15
2024-01-18,Thursday,False,False,False,589,24.8,Sandwich,55,71,52,19,26.76,40
2024-01-18,Thursday,False,False,False,589,24.8,Tea,106,113,101,12,10.62,8
2024-01-18,Thursday,False,False,False,589,24.8,Coffee,71,70,69,1,1.43,15
2024-01-18,Thursday,False,False,False,589,24.8,Cold Drink,47,67,47,20,29.85,20
2024-01-18,Thursday,False,False,False,589,24.8,Veg Puff,43,50,42,8,16.0,18
2024-01-18,Thursday,False,False,False,589,24.8,Maggi,41,50,42,8,16.0,30
2024-01-19,Friday,False,False,False,820,23.8,Samosa,106,85,85,0,0.0,12
2024-01-19,Friday,False,False,False,820,23.8,Vada Pav,99,138,97,41,29.71,15
2024-01-19,Friday,False,False,False,820,23.8,Sandwich,82,98,94,4,4.08,40
2024-01-19,Friday,False,False,False,820,23.8,Tea,158,178,150,28,15.73,8
2024-01-19,Friday,False,False,False,820,23.8,Coffee,86,101,82,19,18.81,15
2024-01-19,Friday,False,False,False,820,23.8,Cold Drink,64,67,60,7,10.45,20
2024-01-19,Friday,False,False,False,820,23.8,Veg Puff,80,102,79,23,22.55,18
2024-01-19,Friday,False,False,False,820,23.8,Maggi,68,78,65,13,16.67,30
2024-01-20,Saturday,True,False,False,576,26.1,Samosa,41,45,39,6,13.33,12
2024-01-20,Saturday,True,False,False,576,26.1,Vada Pav,29,37,31,6,16.22,15
2024-01-20,Saturday,True,False,False,576,26.1,Sandwich,26,32,25,7,21.88,40
2024-01-20,Saturday,True,False,False,576,26.1,Tea,57,60,54,6,10.0,8
2024-01-20,Saturday,True,False,False,576,26.1,Coffee,48,49,48,1,2.04,15
2024-01-20,Saturday,True,False,False,576,26.1,Cold Drink,42,46,40,6,13.04,20
2024-01-20,Saturday,True,False,False,576,26.1,Veg Puff,29,36,29,7,19.44,18
2024-01-20,Saturday,True,False,False,576,26.1,Maggi,22,25,22,3,12.0,30
2024-01-21,Sunday,True,False,False,416,26.1,Samosa,30,37,28,9,24.32,12
2024-01-21,Sunday,True,False,False,416,26.1,Vada Pav,13,11,11,0,0.0,15
2024-01-21,Sunday,True,False,False,416,26.1,Sandwich,29,29,29,0,0.0,40
2024-01-21,Sunday,True,False,False,416,26.1,Tea,22,25,20,5,20.0,8
2024-01-21,Sunday,True,False,False,416,26.1,Coffee,27,31,25,6,19.35,15
2024-01-21,Sunday,True,False,False,416,26.1,Cold Drink,27,35,26,9,25.71,20
2024-01-21,Sunday,True,False,False,416,26.1,Veg Puff,30,29,29,0,0.0,18
2024-01-21,Sunday,True,False,False,416,26.1,Maggi,30,23,23,0,0.0,30
2024-01-22,Monday,False,False,False,986,24.6,Samosa,135,143,135,8,5.59,12
2024-01-22,Monday,False,False,False,986,24.6,Vada Pav,102,135,103,32,23.7,15
2024-01-22,Monday,False,False,False,986,24.6,Sandwich,95,103,92,11,10.68,40
2024-01-22,Monday,False,False,False,986,24.6,Tea,159,192,155,37,19.27,8
2024-01-22,Monday,False,False,False,986,24.6,Coffee,125,182,130,52,28.57,15
2024-01-22,Monday,False,False,False,986,24.6,Cold Drink,93,123,91,32,26.02,20
2024-01-22,Monday,False,False,False,986,24.6,Veg Puff,66,65,59,6,9.23,18
2024-01-22,Monday,False,False,False,986,24.6,Maggi,68,78,73,5,6.41,30
2024-01-23,Tuesday,False,False,False,949,24.6,Samosa,136,111,111,0,0.0,12
2024-01-23,Tuesday,False,False,False,949,24.6,Vada Pav,107,99,99,0,0.0,15
2024-01-23,Tuesday,False,False,False,949,24.6,Sandwich,92,100,94,6,6.0,40
2024-01-23,Tuesday,False,False,False,949,24.6,Tea,194,228,196,32,14.04,8
2024-01-23,Tuesday,False,False,False,949,24.6,Coffee,112,114,114,0,0.0,15
2024-01-23,Tuesday,False,False,False,949,24.6,Cold Drink,85,98,82,16,16.33,20
2024-01-23,Tuesday,False,False,False,949,24.6,Veg Puff,82,98,86,12,12.24,18
2024-01-23,Tuesday,False,False,False,949,24.6,Maggi,65,72,61,11,15.28,30
2024-01-24,Wednesday,False,False,False,833,25.8,Samosa,120,121,121,0,0.0,12
2024-01-24,Wednesday,False,False,False,833,25.8,Vada Pav,100,121,109,12,9.92,15
2024-01-24,Wednesday,False,False,False,833,25.8,Sandwich,72,69,65,4,5.8,40
2024-01-24,Wednesday,False,False,False,833,25.8,Tea,158,197,157,40,20.3,8
2024-01-24,Wednesday,False,False,False,833,25.8,Coffee,102,100,100,0,0.0,15
2024-01-24,Wednesday,False,False,False,833,25.8,Cold Drink,87,101,90,11,10.89,20
2024-01-24,Wednesday,False,False,False,833,25.8,Veg Puff,73,86,70,16,18.6,18
2024-01-24,Wednesday,False,False,False,833,25.8,Maggi,63,90,67,23,25.56,30
2024-01-25,Thursday,False,False,False,1138,24.0,Samosa,139,157,139,18,11.46,12
2024-01-25,Thursday,False,False,False,1138,24.0,Vada Pav,130,116,116,0,0.0,15
2024-01-25,Thursday,False,False,False,1138,24.0,Sandwich,106,115,100,15,13.04,40
2024-01-25,Thursday,False,False,False,1138,24.0,Tea,170,216,170,46,21.3,8
2024-01-25,Thursday,False,False,False,1138,24.0,Coffee,129,123,123,0,0.0,15
2024-01-25,Thursday,False,False,False,1138,24.0,Cold Drink,123,136,113,23,16.91,20
2024-01-25,Thursday,False,False,False,1138,24.0,Veg Puff,92,102,79,23,22.55,18
2024-01-25,Thursday,False,False,False,1138,24.0,Maggi,81,90,83,7,7.78,30
2024-01-26,Friday,False,True,False,255,27.3,Samosa,6,5,5,0,0.0,12
2024-01-26,Friday,False,True,False,255,27.3,Vada Pav,8,9,7,2,22.22,15
2024-01-26,Friday,False,True,False,255,27.3,Sandwich,8,9,7,2,22.22,40
2024-01-26,Friday,False,True,False,255,27.3,Tea,3,3,2,1,33.33,8
2024-01-26,Friday,False,True,False,255,27.3,Coffee,1,1,0,1,100.0,15
2024-01-26,Friday,False,True,False,255,27.3,Cold Drink,22,16,16,0,0.0,20
2024-01-26,Friday,False,True,False,255,27.3,Veg Puff,15,12,12,0,0.0,18
2024-01-26,Friday,False,True,False,255,27.3,Maggi,3,2,2,0,0.0,30
2024-01-27,Saturday,True,False,False,444,28.5,Samosa,52,69,53,16,23.19,12
2024-01-27,Saturday,True,False,False,444,28.5,Vada Pav,22,23,22,1,4.35,15
2024-01-27,Saturday,True,False,False,444,28.5,Sandwich,18,22,17,5,22.73,40
2024-01-27,Saturday,True,False,False,444,28.5,Tea,40,50,40,10,20.0,8
2024-01-27,Saturday,True,False,False,444,28.5,Coffee,30,39,28,11,28.21,15
2024-01-27,Saturday,True,False,False,444,28.5,Cold Drink,42,52,41,11,21.15,20
2024-01-27,Saturday,True,False,False,444,28.5,Veg Puff,28,26,26,0,0.0,18
2024-01-27,Saturday,True,False,False,444,28.5,Maggi,21,22,22,0,0.0,30
2024-01-28,Sunday,True,False,False,464,22.2,Samosa,24,29,22,7,24.14,12
2024-01-28,Sunday,True,False,False,464,22.2,Vada Pav,50,41,41,0,0.0,15
2024-01-28,Sunday,True,False,False,464,22.2,Sandwich,32,36,31,5,13.89,40
2024-01-28,Sunday,True,False,False,464,22.2,Tea,64,73,67,6,8.22,8
2024-01-28,Sunday,True,False,False,464,22.2,Coffee,44,51,43,8,15.69,15
2024-01-28,Sunday,True,False,False,464,22.2,Cold Drink,27,32,24,8,25.0,20
2024-01-28,Sunday,True,False,False,464,22.2,Veg Puff,16,20,16,4,20.0,18
2024-01-28,Sunday,True,False,False,464,22.2,Maggi,22,25,22,3,12.0,30
2024-01-29,Monday,False,False,False,819,23.4,Samosa,111,111,111,0,0.0,12
2024-01-29,Monday,False,False,False,819,23.4,Vada Pav,70,91,71,20,21.98,15
2024-01-29,Monday,False,False,False,819,23.4,Sandwich,79,102,85,17,16.67,40
2024-01-29,Monday,False,False,False,819,23.4,Tea,158,138,138,0,0.0,8
2024-01-29,Monday,False,False,False,819,23.4,Coffee,97,111,99,12,10.81,15
2024-01-29,Monday,False,False,False,819,23.4,Cold Drink,68,80,65,15,18.75,20
2024-01-29,Monday,False,False,False,819,23.4,Veg Puff,63,59,59,0,0.0,18
2024-01-29,Monday,False,False,False,819,23.4,Maggi,50,50,50,0,0.0,30
2024-01-30,Tuesday,False,False,False,757,30.3,Samosa,106,124,101,23,18.55,12
2024-01-30,Tuesday,False,False,False,757,30.3,Vada Pav,86,91,86,5,5.49,15
2024-01-30,Tuesday,False,False,False,757,30.3,Sandwich,93,105,98,7,6.67,40
2024-01-30,Tuesday,False,False,False,757,30.3,Tea,95,108,103,5,4.63,8
2024-01-30,Tuesday,False,False,False,757,30.3,Coffee,71,100,73,27,27.0,15
2024-01-30,Tuesday,False,False,False,757,30.3,Cold Drink,90,112,94,18,16.07,20
2024-01-30,Tuesday,False,False,False,757,30.3,Veg Puff,67,61,61,0,0.0,18
2024-01-30,Tuesday,False,False,False,757,30.3,Maggi,53,60,54,6,10.0,30
2024-01-31,Wednesday,False,False,False,926,22.3,Samosa,128,158,131,27,17.09,12
2024-01-31,Wednesday,False,False,False,926,22.3,Vada Pav,108,137,110,27,19.71,15
2024-01-31,Wednesday,False,False,False,926,22.3,Sandwich,86,77,77,0,0.0,40
2024-01-31,Wednesday,False,False,False,926,22.3,Tea,169,201,158,43,21.39,8
2024-01-31,Wednesday,False,False,False,926,22.3,Coffee,110,143,109,34,23.78,15
2024-01-31,Wednesday,False,False,False,926,22.3,Cold Drink,86,99,86,13,13.13,20
2024-01-31,Wednesday,False,False,False,926,22.3,Veg Puff,84,90,84,6,6.67,18
2024-01-31,Wednesday,False,False,False,926,22.3,Maggi,63,68,62,6,8.82,30
2024-02-01,Thursday,False,False,False,933,24.0,Samosa,139,141,137,4,2.84,12
2024-02-01,Thursday,False,False,False,933,24.0,Vada Pav,94,128,94,34,26.56,15
2024-02-01,Thursday,False,False,False,933,24.0,Sandwich,96,89,89,0,0.0,40
2024-02-01,Thursday,False,False,False,933,24.0,Tea,173,201,182,19,9.45,8
2024-02-01,Thursday,False,False,False,933,24.0,Coffee,111,151,123,28,18.54,15
2024-02-01,Thursday,False,False,False,933,24.0,Cold Drink,85,92,91,1,1.09,20
2024-02-01,Thursday,False,False,False,933,24.0,Veg Puff,89,95,87,8,8.42,18
2024-02-01,Thursday,False,False,False,933,24.0,Maggi,65,61,61,0,0.0,30
2024-02-02,Friday,False,False,False,749,23.5,Samosa,99,117,106,11,9.4,12
2024-02-02,Friday,False,False,False,749,23.5,Vada Pav,69,89,68,21,23.6,15
2024-02-02,Friday,False,False,False,749,23.5,Sandwich,70,87,66,21,24.14,40
2024-02-02,Friday,False,False,False,749,23.5,Tea,136,159,139,20,12.58,8
2024-02-02,Friday,False,False,False,749,23.5,Coffee,98,148,94,54,36.49,15
2024-02-02,Friday,False,False,False,749,23.5,Cold Drink,64,67,62,5,7.46,20
2024-02-02,Friday,False,False,False,749,23.5,Veg Puff,57,75,61,14,18.67,18
2024-02-02,Friday,False,False,False,749,23.5,Maggi,50,51,51,0,0.0,30
2024-02-03,Saturday,True,False,False,472,26.3,Samosa,46,42,42,0,0.0,12
2024-02-03,Saturday,True,False,False,472,26.3,Vada Pav,51,53,50,3,5.66,15
2024-02-03,Saturday,True,False,False,472,26.3,Sandwich,33,39,34,5,12.82,40
2024-02-03,Saturday,True,False,False,472,26.3,Tea,83,93,79,14,15.05,8
2024-02-03,Saturday,True,False,False,472,26.3,Coffee,23,23,22,1,4.35,15
2024-02-03,Saturday,True,False,False,472,26.3,Cold Drink,51,54,51,3,5.56,20
2024-02-03,Saturday,True,False,False,472,26.3,Veg Puff,27,35,30,5,14.29,18
2024-02-03,Saturday,True,False,False,472,26.3,Maggi,20,21,21,0,0.0,30
2024-02-04,Sunday,True,False,False,534,28.7,Samosa,56,61,57,4,6.56,12
2024-02-04,Sunday,True,False,False,534,28.7,Vada Pav,49,62,50,12,19.35,15
2024-02-04,Sunday,True,False,False,534,28.7,Sandwich,44,58,47,11,18.97,40
2024-02-04,Sunday,True,False,False,534,28.7,Tea,65,73,65,8,10.96,8
2024-02-04,Sunday,True,False,False,534,28.7,Coffee,53,54,53,1,1.85,15
2024-02-04,Sunday,True,False,False,534,28.7,Cold Drink,40,46,42,4,8.7,20
2024-02-04,Sunday,True,False,False,534,28.7,Veg Puff,32,37,29,8,21.62,18
2024-02-04,Sunday,True,False,False,534,28.7,Maggi,31,38,34,4,10.53,30
2024-02-05,Monday,False,False,False,853,25.4,Samosa,116,160,115,45,28.12,12
2024-02-05,Monday,False,False,False,853,25.4,Vada Pav,92,114,92,22,19.3,15
2024-02-05,Monday,False,False,False,853,25.4,Sandwich,76,89,80,9,10.11,40
2024-02-05,Monday,False,False,False,853,25.4,Tea,124,145,119,26,17.93,8
2024-02-05,Monday,False,False,False,853,25.4,Coffee,116,106,106,0,0.0,15
2024-02-05,Monday,False,False,False,853,25.4,Cold Drink,90,124,89,35,28.23,20
2024-02-05,Monday,False,False,False,853,25.4,Veg Puff,66,94,61,33,35.11,18
2024-02-05,Monday,False,False,False,853,25.4,Maggi,47,57,45,12,21.05,30
2024-02-06,Tuesday,False,False,False,746,26.4,Samosa,102,108,95,13,12.04,12
2024-02-06,Tuesday,False,False,False,746,26.4,Vada Pav,87,108,86,22,20.37,15
2024-02-06,Tuesday,False,False,False,746,26.4,Sandwich,86,85,79,6,7.06,40
2024-02-06,Tuesday,False,False,False,746,26.4,Tea,108,123,109,14,11.38,8
2024-02-06,Tuesday,False,False,False,746,26.4,Coffee,84,101,78,23,22.77,15
2024-02-06,Tuesday,False,False,False,746,26.4,Cold Drink,92,104,97,7,6.73,20
2024-02-06,Tuesday,False,False,False,746,26.4,Veg Puff,64,77,65,12,15.58,18
2024-02-06,Tuesday,False,False,False,746,26.4,Maggi,56,69,59,10,14.49,30
2024-02-07,Wednesday,False,False,False,929,26.4,Samosa,122,166,117,49,29.52,12
2024-02-07,Wednesday,False,False,False,929,26.4,Vada Pav,115,131,106,25,19.08,15
2024-02-07,Wednesday,False,False,False,929,26.4,Sandwich,88,92,91,1,1.09,40
2024-02-07,Wednesday,False,False,False,929,26.4,Tea,138,149,124,25,16.78,8
2024-02-07,Wednesday,False,False,False,929,26.4,Coffee,103,81,81,0,0.0,15
2024-02-07,Wednesday,False,False,False,929,26.4,Cold Drink,106,134,108,26,19.4,20
2024-02-07,Wednesday,False,False,False,929,26.4,Veg Puff,70,79,69,10,12.66,18
2024-02-07,Wednesday,False,False,False,929,26.4,Maggi,59,81,61,20,24.69,30
2024-02-08,Thursday,False,False,False,866,25.1,Samosa,117,98,98,0,0.0,12
2024-02-08,Thursday,False,False,False,866,25.1,Vada Pav,84,83,82,1,1.2,15
2024-02-08,Thursday,False,False,False,866,25.1,Sandwich,97,120,94,26,21.67,40
2024-02-08,Thursday,False,False,False,866,25.1,Tea,152,206,159,47,22.82,8
2024-02-08,Thursday,False,False,False,866,25.1,Coffee,106,111,109,2,1.8,15
2024-02-08,Thursday,False,False,False,866,25.1,Cold Drink,90,115,92,23,20.0,20
2024-02-08,Thursday,False,False,False,866,25.1,Veg Puff,80,85,85,0,0.0,18
2024-02-08,Thursday,False,False,False,866,25.1,Maggi,63,92,60,32,34.78,30
2024-02-09,Friday,False,False,False,1160,25.4,Samosa,146,157,143,14,8.92,12
2024-02-09,Friday,False,False,False,1160,25.4,Vada Pav,126,154,122,32,20.78,15
2024-02-09,Friday,False,False,False,1160,25.4,Sandwich,109,160,118,42,26.25,40
2024-02-09,Friday,False,False,False,1160,25.4,Tea,197,227,198,29,12.78,8
2024-02-09,Friday,False,False,False,1160,25.4,Coffee,146,145,144,1,0.69,15
2024-02-09,Friday,False,False,False,1160,25.4,Cold Drink,103,124,106,18,14.52,20
2024-02-09,Friday,False,False,False,1160,25.4,Veg Puff,93,128,87,41,32.03,18
2024-02-09,Friday,False,False,False,1160,25.4,Maggi,74,87,77,10,11.49,30
2024-02-10,Saturday,True,False,False,584,24.1,Samosa,67,76,66,10,13.16,12
2024-02-10,Saturday,True,False,False,584,24.1,Vada Pav,51,63,46,17,26.98,15
2024-02-10,Saturday,True,False,False,584,24.1,Sandwich,51,69,49,20,28.99,40
2024-02-10,Saturday,True,False,False,584,24.1,Tea,75,91,75,16,17.58,8
2024-02-10,Saturday,True,False,False,584,24.1,Coffee,45,47,44,3,6.38,15
2024-02-10,Saturday,True,False,False,584,24.1,Cold Drink,49,60,48,12,20.0,20
2024-02-10,Saturday,True,False,False,584,24.1,Veg Puff,39,28,28,0,0.0,18
2024-02-10,Saturday,True,False,False,584,24.1,Maggi,18,19,16,3,15.79,30
2024-02-11,Sunday,True,False,False,435,27.3,Samosa,34,40,33,7,17.5,12
2024-02-11,Sunday,True,False,False,435,27.3,Vada Pav,36,41,33,8,19.51,15
2024-02-11,Sunday,True,False,False,435,27.3,Sandwich,37,39,34,5,12.82,40
2024-02-11,Sunday,True,False,False,435,27.3,Tea,40,55,41,14,25.45,8
2024-02-11,Sunday,True,False,False,435,27.3,Coffee,30,32,29,3,9.38,15
2024-02-11,Sunday,True,False,False,435,27.3,Cold Drink,52,62,53,9,14.52,20
2024-02-11,Sunday,True,False,False,435,27.3,Veg Puff,33,39,32,7,17.95,18
2024-02-11,Sunday,True,False,False,435,27.3,Maggi,20,22,19,3,13.64,30
2024-02-12,Monday,False,False,False,1009,25.1,Samosa,143,162,143,19,11.73,12
2024-02-12,Monday,False,False,False,1009,25.1,Vada Pav,87,112,88,24,21.43,15
2024-02-12,Monday,False,False,False,1009,25.1,Sandwich,103,73,73,0,0.0,40
2024-02-12,Monday,False,False,False,1009,25.1,Tea,165,217,156,61,28.11,8
2024-02-12,Monday,False,False,False,1009,25.1,Coffee,129,127,124,3,2.36,15
2024-02-12,Monday,False,False,False,1009,25.1,Cold Drink,118,132,119,13,9.85,20
2024-02-12,Monday,False,False,False,1009,25.1,Veg Puff,90,110,90,20,18.18,18
2024-02-12,Monday,False,False,False,1009,25.1,Maggi,75,113,74,39,34.51,30
2024-02-13,Tuesday,False,False,False,930,27.1,Samosa,137,181,141,40,22.1,12
2024-02-13,Tuesday,False,False,False,930,27.1,Vada Pav,87,121,82,39,32.23,15
2024-02-13,Tuesday,False,False,False,930,27.1,Sandwich,90,93,89,4,4.3,40
2024-02-13,Tuesday,False,False,False,930,27.1,Tea,150,179,153,26,14.53,8
2024-02-13,Tuesday,False,False,False,930,27.1,Coffee,124,151,122,29,19.21,15
2024-02-13,Tuesday,False,False,False,930,27.1,Cold Drink,111,147,104,43,29.25,20
2024-02-13,Tuesday,False,False,False,930,27.1,Veg Puff,81,101,79,22,21.78,18
2024-02-13,Tuesday,False,False,False,930,27.1,Maggi,76,85,76,9,10.59,30
2024-02-14,Wednesday,False,False,False,874,25.0,Samosa,103,96,96,0,0.0,12
2024-02-14,Wednesday,False,False,False,874,25.0,Vada Pav,84,84,74,10,11.9,15
2024-02-14,Wednesday,False,False,False,874,25.0,Sandwich,77,73,73,0,0.0,40
2024-02-14,Wednesday,False,False,False,874,25.0,Tea,160,167,167,0,0.0,8
2024-02-14,Wednesday,False,False,False,874,25.0,Coffee,117,128,102,26,20.31,15
2024-02-14,Wednesday,False,False,False,874,25.0,Cold Drink,108,101,99,2,1.98,20
2024-02-14,Wednesday,False,False,False,874,25.0,Veg Puff,80,121,85,36,29.75,18
2024-02-14,Wednesday,False,False,False,874,25.0,Maggi,66,81,68,13,16.05,30
2024-02-15,Thursday,False,False,False,1013,25.6,Samosa,136,155,130,25,16.13,12
2024-02-15,Thursday,False,False,False,1013,25.6,Vada Pav,104,93,93,0,0.0,15
2024-02-15,Thursday,False,False,False,1013,25.6,Sandwich,87,85,85,0,0.0,40
2024-02-15,Thursday,False,False,False,1013,25.6,Tea,186,239,171,68,28.45,8
2024-02-15,Thursday,False,False,False,1013,25.6,Coffee,110,142,104,38,26.76,15
2024-02-15,Thursday,False,False,False,1013,25.6,Cold Drink,102,125,97,28,22.4,20
2024-02-15,Thursday,False,False,False,1013,25.6,Veg Puff,85,80,80,0,0.0,18
2024-02-15,Thursday,False,False,False,1013,25.6,Maggi,75,68,68,0,0.0,30
2024-02-16,Friday,False,False,False,897,26.1,Samosa,122,165,122,43,26.06,12
2024-02-16,Friday,False,False,False,897,26.1,Vada Pav,90,105,92,13,12.38,15
2024-02-16,Friday,False,False,False,897,26.1,Sandwich,85,98,82,16,16.33,40
2024-02-16,Friday,False,False,False,897,26.1,Tea,134,125,125,0,0.0,8
2024-02-16,Friday,False,False,False,897,26.1,Coffee,92,96,88,8,8.33,15
2024-02-16,Friday,False,False,False,897,26.1,Cold Drink,102,112,108,4,3.57,20
2024-02-16,Friday,False,False,False,897,26.1,Veg Puff,69,82,66,16,19.51,18
2024-02-16,Friday,False,False,False,897,26.1,Maggi,78,75,75,0,0.0,30
2024-02-17,Saturday,True,False,False,531,25.8,Samosa,47,53,47,6,11.32,12
2024-02-17,Saturday,True,False,False,531,25.8,Vada Pav,37,47,41,6,12.77,15
2024-02-17,Saturday,True,False,False,531,25.8,Sandwich,30,28,28,0,0.0,40
2024-02-17,Saturday,True,False,False,531,25.8,Tea,99,101,101,0,0.0,8
2024-02-17,Saturday,True,False,False,531,25.8,Coffee,62,66,63,3,4.55,15
2024-02-17,Saturday,True,False,False,531,25.8,Cold Drink,53,57,52,5,8.77,20
2024-02-17,Saturday,True,False,False,531,25.8,Veg Puff,26,25,25,0,0.0,18
2024-02-17,Saturday,True,False,False,531,25.8,Maggi,18,20,17,3,15.0,30
2024-02-18,Sunday,True,False,False,511,21.9,Samosa,51,65,45,20,30.77,12
2024-02-18,Sunday,True,False,False,511,21.9,Vada Pav,41,54,38,16,29.63,15
2024-02-18,Sunday,True,False,False,511,21.9,Sandwich,47,57,45,12,21.05,40
2024-02-18,Sunday,True,False,False,511,21.9,Tea,64,78,64,14,17.95,8
2024-02-18,Sunday,True,False,False,511,21.9,Coffee,53,53,53,0,0.0,15
2024-02-18,Sunday,True,False,False,511,21.9,Cold Drink,17,19,16,3,15.79,20
2024-02-18,Sunday,True,False,False,511,21.9,Veg Puff,24,32,25,7,21.88,18
2024-02-18,Sunday,True,False,False,511,21.9,Maggi,29,28,28,0,0.0,30
2024-02-19,Monday,False,False,False,1081,25.3,Samosa,171,206,172,34,16.5,12
2024-02-19,Monday,False,False,False,1081,25.3,Vada Pav,111,129,110,19,14.73,15
2024-02-19,Monday,False,False,False,1081,25.3,Sandwich,108,139,103,36,25.9,40
2024-02-19,Monday,False,False,False,1081,25.3,Tea,158,138,138,0,0.0,8
2024-02-19,Monday,False,False,False,1081,25.3,Coffee,118,97,97,0,0.0,15
2024-02-19,Monday,False,False,False,1081,25.3,Cold Drink,132,151,137,14,9.27,20
2024-02-19,Monday,False,False,False,1081,25.3,Veg Puff,90,102,94,8,7.84,18
2024-02-19,Monday,False,False,False,1081,25.3,Maggi,76,90,77,13,14.44,30
2024-02-20,Tuesday,False,False,False,799,27.0,Samosa,104,107,106,1,0.93,12
2024-02-20,Tuesday,False,False,False,799,27.0,Vada Pav,75,86,74,12,13.95,15
2024-02-20,Tuesday,False,False,False,799,27.0,Sandwich,84,102,83,19,18.63,40
2024-02-20,Tuesday,False,False,False,799,27.0,Tea,137,186,140,46,24.73,8
2024-02-20,Tuesday,False,False,False,799,27.0,Coffee,91,86,86,0,0.0,15
2024-02-20,Tuesday,False,False,False,799,27.0,Cold Drink,85,89,84,5,5.62,20
2024-02-20,Tuesday,False,False,False,799,27.0,Veg Puff,67,82,66,16,19.51,18
2024-02-20,Tuesday,False,False,False,799,27.0,Maggi,60,69,54,15,21.74,30
2024-02-21,Wednesday,False,False,False,759,24.7,Samosa,86,106,92,14,13.21,12
2024-02-21,Wednesday,False,False,False,759,24.7,Vada Pav,91,101,97,4,3.96,15
2024-02-21,Wednesday,False,False,False,759,24.7,Sandwich,72,79,69,10,12.66,40
2024-02-21,Wednesday,False,False,False,759,24.7,Tea,123,134,124,10,7.46,8
2024-02-21,Wednesday,False,False,False,759,24.7,Coffee,95,109,97,12,11.01,15
2024-02-21,Wednesday,False,False,False,759,24.7,Cold Drink,85,109,78,31,28.44,20
2024-02-21,Wednesday,False,False,False,759,24.7,Veg Puff,44,56,40,16,28.57,18
2024-02-21,Wednesday,False,False,False,759,24.7,Maggi,53,51,48,3,5.88,30
2024-02-22,Thursday,False,False,False,981,26.5,Samosa,123,93,93,0,0.0,12
2024-02-22,Thursday,False,False,False,981,26.5,Vada Pav,107,99,99,0,0.0,15
2024-02-22,Thursday,False,False,False,981,26.5,Sandwich,92,113,92,21,18.58,40
2024-02-22,Thursday,False,False,False,981,26.5,Tea,141,187,139,48,25.67,8
2024-02-22,Thursday,False,False,False,981,26.5,Coffee,114,115,111,4,3.48,15
2024-02-22,Thursday,False,False,False,981,26.5,Cold Drink,97,109,105,4,3.67,20
2024-02-22,Thursday,False,False,False,981,26.5,Veg Puff,71,64,64,0,0.0,18
2024-02-22,Thursday,False,False,False,981,26.5,Maggi,69,72,72,0,0.0,30
2024-02-23,Friday,False,False,False,809,28.7,Samosa,116,124,124,0,0.0,12
2024-02-23,Friday,False,False,False,809,28.7,Vada Pav,79,99,80,19,19.19,15
2024-02-23,Friday,False,False,False,809,28.7,Sandwich,87,120,87,33,27.5,40
2024-02-23,Friday,False,False,False,809,28.7,Tea,108,131,104,27,20.61,8
2024-02-23,Friday,False,False,False,809,28.7,Coffee,110,128,107,21,16.41,15
2024-02-23,Friday,False,False,False,809,28.7,Cold Drink,97,91,91,0,0.0,20
2024-02-23,Friday,False,False,False,809,28.7,Veg Puff,76,79,72,7,8.86,18
2024-02-23,Friday,False,False,False,809,28.7,Maggi,61,80,63,17,21.25,30
2024-02-24,Saturday,True,False,False,549,23.5,Samosa,34,46,33,13,28.26,12
2024-02-24,Saturday,True,False,False,549,23.5,Vada Pav,38,51,39,12,23.53,15
2024-02-24,Saturday,True,False,False,549,23.5,Sandwich,40,58,38,20,34.48,40
2024-02-24,Saturday,True,False,False,549,23.5,Tea,80,92,81,11,11.96,8
2024-02-24,Saturday,True,False,False,549,23.5,Coffee,65,79,66,13,16.46,15
2024-02-24,Saturday,True,False,False,549,23.5,Cold Drink,45,49,43,6,12.24,20
2024-02-24,Saturday,True,False,False,549,23.5,Veg Puff,24,20,20,0,0.0,18
2024-02-24,Saturday,True,False,False,549,23.5,Maggi,20,22,19,3,13.64,30
2024-02-25,Sunday,True,False,False,515,26.6,Samosa,58,61,57,4,6.56,12
2024-02-25,Sunday,True,False,False,515,26.6,Vada Pav,40,44,43,1,2.27,15
2024-02-25,Sunday,True,False,False,515,26.6,Sandwich,38,47,39,8,17.02,40
2024-02-25,Sunday,True,False,False,515,26.6,Tea,74,87,69,18,20.69,8
2024-02-25,Sunday,True,False,False,515,26.6,Coffee,46,48,44,4,8.33,15
2024-02-25,Sunday,True,False,False,515,26.6,Cold Drink,44,58,44,14,24.14,20
2024-02-25,Sunday,True,False,False,515,26.6,Veg Puff,32,44,32,12,27.27,18
2024-02-25,Sunday,True,False,False,515,26.6,Maggi,42,51,38,13,25.49,30
2024-02-26,Monday,False,False,False,1013,25.8,Samosa,150,187,148,39,20.86,12
2024-02-26,Monday,False,False,False,1013,25.8,Vada Pav,95,106,90,16,15.09,15
2024-02-26,Monday,False,False,False,1013,25.8,Sandwich,90,111,97,14,12.61,40
2024-02-26,Monday,False,False,False,1013,25.8,Tea,170,165,165,0,0.0,8
2024-02-26,Monday,False,False,False,1013,25.8,Coffee,134,141,133,8,5.67,15
2024-02-26,Monday,False,False,False,1013,25.8,Cold Drink,105,108,108,0,0.0,20
2024-02-26,Monday,False,False,False,1013,25.8,Veg Puff,83,100,79,21,21.0,18
2024-02-26,Monday,False,False,False,1013,25.8,Maggi,70,88,68,20,22.73,30
2024-02-27,Tuesday,False,False,False,1159,24.2,Samosa,157,202,145,57,28.22,12
2024-02-27,Tuesday,False,False,False,1159,24.2,Vada Pav,105,96,96,0,0.0,15
2024-02-27,Tuesday,False,False,False,1159,24.2,Sandwich,104,159,101,58,36.48,40
2024-02-27,Tuesday,False,False,False,1159,24.2,Tea,200,276,220,56,20.29,8
2024-02-27,Tuesday,False,False,False,1159,24.2,Coffee,167,222,175,47,21.17,15
2024-02-27,Tuesday,False,False,False,1159,24.2,Cold Drink,116,146,112,34,23.29,20
2024-02-27,Tuesday,False,False,False,1159,24.2,Veg Puff,90,103,89,14,13.59,18
2024-02-27,Tuesday,False,False,False,1159,24.2,Maggi,80,100,83,17,17.0,30
2024-02-28,Wednesday,False,False,False,913,28.0,Samosa,108,121,104,17,14.05,12
2024-02-28,Wednesday,False,False,False,913,28.0,Vada Pav,78,88,77,11,12.5,15
2024-02-28,Wednesday,False,False,False,913,28.0,Sandwich,99,123,93,30,24.39,40
2024-02-28,Wednesday,False,False,False,913,28.0,Tea,166,221,170,51,23.08,8
2024-02-28,Wednesday,False,False,False,913,28.0,Coffee,99,99,97,2,2.02,15
2024-02-28,Wednesday,False,False,False,913,28.0,Cold Drink,114,163,122,41,25.15,20
2024-02-28,Wednesday,False,False,False,913,28.0,Veg Puff,72,70,70,0,0.0,18
2024-02-28,Wednesday,False,False,False,913,28.0,Maggi,54,64,53,11,17.19,30
2024-02-29,Thursday,False,False,False,830,21.8,Samosa,116,124,109,15,12.1,12
2024-02-29,Thursday,False,False,False,830,21.8,Vada Pav,60,68,65,3,4.41,15
2024-02-29,Thursday,False,False,False,830,21.8,Sandwich,92,99,89,10,10.1,40
2024-02-29,Thursday,False,False,False,830,21.8,Tea,158,158,158,0,0.0,8
2024-02-29,Thursday,False,False,False,830,21.8,Coffee,119,158,118,40,25.32,15
2024-02-29,Thursday,False,False,False,830,21.8,Cold Drink,67,68,64,4,5.88,20
2024-02-29,Thursday,False,False,False,830,21.8,Veg Puff,67,80,70,10,12.5,18
2024-02-29,Thursday,False,False,False,830,21.8,Maggi,54,74,53,21,28.38,30
2024-03-01,Friday,False,False,False,896,31.8,Samosa,90,115,93,22,19.13,12
2024-03-01,Friday,False,False,False,896,31.8,Vada Pav,91,105,93,12,11.43,15
2024-03-01,Friday,False,False,False,896,31.8,Sandwich,71,76,73,3,3.95,40
2024-03-01,Friday,False,False,False,896,31.8,Tea,100,119,93,26,21.85,8
2024-03-01,Friday,False,False,False,896,31.8,Coffee,92,105,84,21,20.0,15
2024-03-01,Friday,False,False,False,896,31.8,Cold Drink,130,135,124,11,8.15,20
2024-03-01,Friday,False,False,False,896,31.8,Veg Puff,76,100,72,28,28.0,18
2024-03-01,Friday,False,False,False,896,31.8,Maggi,65,78,67,11,14.1,30
2024-03-02,Saturday,True,False,False,508,32.9,Samosa,37,43,35,8,18.6,12
2024-03-02,Saturday,True,False,False,508,32.9,Vada Pav,9,10,9,1,10.0,15
2024-03-02,Saturday,True,False,False,508,32.9,Sandwich,13,12,12,0,0.0,40
2024-03-02,Saturday,True,False,False,508,32.9,Tea,76,87,73,14,16.09,8
2024-03-02,Saturday,True,False,False,508,32.9,Coffee,31,42,29,13,30.95,15
2024-03-02,Saturday,True,False,False,508,32.9,Cold Drink,42,45,39,6,13.33,20
2024-03-02,Saturday,True,False,False,508,32.9,Veg Puff,30,41,30,11,26.83,18
2024-03-02,Saturday,True,False,False,508,32.9,Maggi,24,26,22,4,15.38,30
2024-03-03,Sunday,True,False,False,544,33.8,Samosa,48,78,48,30,38.46,12
2024-03-03,Sunday,True,False,False,544,33.8,Vada Pav,33,35,34,1,2.86,15
2024-03-03,Sunday,True,False,False,544,33.8,Sandwich,36,33,33,0,0.0,40
2024-03-03,Sunday,True,False,False,544,33.8,Tea,36,51,37,14,27.45,8
2024-03-03,Sunday,True,False,False,544,33.8,Coffee,29,38,29,9,23.68,15
2024-03-03,Sunday,True,False,False,544,33.8,Cold Drink,62,75,59,16,21.33,20
2024-03-03,Sunday,True,False,False,544,33.8,Veg Puff,26,33,25,8,24.24,18
2024-03-03,Sunday,True,False,False,544,33.8,Maggi,24,24,24,0,0.0,30
2024-03-04,Monday,False,False,False,1209,30.8,Samosa,161,219,160,59,26.94,12
2024-03-04,Monday,False,False,False,1209,30.8,Vada Pav,131,129,129,0,0.0,15
2024-03-04,Monday,False,False,False,1209,30.8,Sandwich,112,145,118,27,18.62,40
2024-03-04,Monday,False,False,False,1209,30.8,Tea,205,253,208,45,17.79,8
2024-03-04,Monday,False,False,False,1209,30.8,Coffee,124,136,126,10,7.35,15
2024-03-04,Monday,False,False,False,1209,30.8,Cold Drink,153,179,163,16,8.94,20
2024-03-04,Monday,False,False,False,1209,30.8,Veg Puff,93,122,99,23,18.85,18
2024-03-04,Monday,False,False,False,1209,30.8,Maggi,86,71,71,0,0.0,30
2024-03-05,Tuesday,False,False,False,1094,33.9,Samosa,133,142,138,4,2.82,12
2024-03-05,Tuesday,False,False,False,1094,33.9,Vada Pav,120,133,117,16,12.03,15
2024-03-05,Tuesday,False,False,False,1094,33.9,Sandwich,99,100,100,0,0.0,40
2024-03-05,Tuesday,False,False,False,1094,33.9,Tea,128,170,137,33,19.41,8
2024-03-05,Tuesday,False,False,False,1094,33.9,Coffee,108,117,110,7,5.98,15
2024-03-05,Tuesday,False,False,False,1094,33.9,Cold Drink,158,160,160,0,0.0,20
2024-03-05,Tuesday,False,False,False,1094,33.9,Veg Puff,82,108,80,28,25.93,18
2024-03-05,Tuesday,False,False,False,1094,33.9,Maggi,80,95,78,17,17.89,30
2024-03-06,Wednesday,False,False,False,988,32.6,Samosa,142,134,134,0,0.0,12
2024-03-06,Wednesday,False,False,False,988,32.6,Vada Pav,122,121,117,4,3.31,15
2024-03-06,Wednesday,False,False,False,988,32.6,Sandwich,97,114,98,16,14.04,40
2024-03-06,Wednesday,False,False,False,988,32.6,Tea,134,166,141,25,15.06,8
2024-03-06,Wednesday,False,False,False,988,32.6,Coffee,97,108,100,8,7.41,15
2024-03-06,Wednesday,False,False,False,988,32.6,Cold Drink,153,172,145,27,15.7,20
2024-03-06,Wednesday,False,False,False,988,32.6,Veg Puff,90,101,80,21,20.79,18
2024-03-06,Wednesday,False,False,False,988,32.6,Maggi,76,81,75,6,7.41,30
2024-03-07,Thursday,False,False,False,949,34.6,Samosa,135,146,138,8,5.48,12
2024-03-07,Thursday,False,False,False,949,34.6,Vada Pav,97,122,99,23,18.85,15
2024-03-07,Thursday,False,False,False,949,34.6,Sandwich,81,106,78,28,26.42,40
2024-03-07,Thursday,False,False,False,949,34.6,Tea,124,149,135,14,9.4,8
2024-03-07,Thursday,False,False,False,949,34.6,Coffee,80,87,79,8,9.2,15
2024-03-07,Thursday,False,False,False,949,34.6,Cold Drink,137,173,125,48,27.75,20
2024-03-07,Thursday,False,False,False,949,34.6,Veg Puff,71,70,70,0,0.0,18
2024-03-07,Thursday,False,False,False,949,34.6,Maggi,79,89,78,11,12.36,30
2024-03-08,Friday,False,False,False,910,37.5,Samosa,110,130,115,15,11.54,12
2024-03-08,Friday,False,False,False,910,37.5,Vada Pav,100,117,105,12,10.26,15
2024-03-08,Friday,False,False,False,910,37.5,Sandwich,62,77,59,18,23.38,40
2024-03-08,Friday,False,False,False,910,37.5,Tea,67,82,71,11,13.41,8
2024-03-08,Friday,False,False,False,910,37.5,Coffee,68,87,73,14,16.09,15
2024-03-08,Friday,False,False,False,910,37.5,Cold Drink,159,221,164,57,25.79,20
2024-03-08,Friday,False,False,False,910,37.5,Veg Puff,76,69,69,0,0.0,18
2024-03-08,Friday,False,False,False,910,37.5,Maggi,60,88,59,29,32.95,30
2024-03-09,Saturday,True,False,False,506,35.7,Samosa,47,66,45,21,31.82,12
2024-03-09,Saturday,True,False,False,506,35.7,Vada Pav,39,40,36,4,10.0,15
2024-03-09,Saturday,True,False,False,506,35.7,Sandwich,28,32,27,5,15.62,40
2024-03-09,Saturday,True,False,False,506,35.7,Tea,29,27,27,0,0.0,8
2024-03-09,Saturday,True,False,False,506,35.7,Coffee,12,15,12,3,20.0,15
2024-03-09,Saturday,True,False,False,506,35.7,Cold Drink,41,45,39,6,13.33,20
2024-03-09,Saturday,True,False,False,506,35.7,Veg Puff,31,41,28,13,31.71,18
2024-03-09,Saturday,True,False,False,506,35.7,Maggi,26,29,26,3,10.34,30
2024-03-10,Sunday,True,False,False,510,31.7,Samosa,43,44,44,0,0.0,12
2024-03-10,Sunday,True,False,False,510,31.7,Vada Pav,37,53,36,17,32.08,15
2024-03-10,Sunday,True,False,False,510,31.7,Sandwich,27,24,24,0,0.0,40
2024-03-10,Sunday,True,False,False,510,31.7,Tea,23,27,23,4,14.81,8
2024-03-10,Sunday,True,False,False,510,31.7,Coffee,17,21,16,5,23.81,15
2024-03-10,Sunday,True,False,False,510,31.7,Cold Drink,49,68,51,17,25.0,20
2024-03-10,Sunday,True,False,False,510,31.7,Veg Puff,27,27,24,3,11.11,18
2024-03-10,Sunday,True,False,False,510,31.7,Maggi,21,23,19,4,17.39,30
2024-03-11,Monday,False,False,False,880,34.2,Samosa,114,119,114,5,4.2,12
2024-03-11,Monday,False,False,False,880,34.2,Vada Pav,97,95,95,0,0.0,15
2024-03-11,Monday,False,False,False,880,34.2,Sandwich,82,94,84,10,10.64,40
2024-03-11,Monday,False,False,False,880,34.2,Tea,109,140,110,30,21.43,8
2024-03-11,Monday,False,False,False,880,34.2,Coffee,71,85,66,19,22.35,15
2024-03-11,Monday,False,False,False,880,34.2,Cold Drink,129,147,127,20,13.61,20
2024-03-11,Monday,False,False,False,880,34.2,Veg Puff,72,62,62,0,0.0,18
2024-03-11,Monday,False,False,False,880,34.2,Maggi,64,75,60,15,20.0,30
2024-03-12,Tuesday,False,False,False,1089,31.4,Samosa,156,189,150,39,20.63,12
2024-03-12,Tuesday,False,False,False,1089,31.4,Vada Pav,131,127,127,0,0.0,15
2024-03-12,Tuesday,False,False,False,1089,31.4,Sandwich,111,116,116,0,0.0,40
2024-03-12,Tuesday,False,False,False,1089,31.4,Tea,142,169,143,26,15.38,8
2024-03-12,Tuesday,False,False,False,1089,31.4,Coffee,106,134,110,24,17.91,15
2024-03-12,Tuesday,False,False,False,1089,31.4,Cold Drink,128,172,117,55,31.98,20
2024-03-12,Tuesday,False,False,False,1089,31.4,Veg Puff,98,129,92,37,28.68,18
2024-03-12,Tuesday,False,False,False,1089,31.4,Maggi,75,73,73,0,0.0,30
2024-03-13,Wednesday,False,False,False,853,36.3,Samosa,129,175,125,50,28.57,12
2024-03-13,Wednesday,False,False,False,853,36.3,Vada Pav,88,78,78,0,0.0,15
2024-03-13,Wednesday,False,False,False,853,36.3,Sandwich,88,122,82,40,32.79,40
2024-03-13,Wednesday,False,False,False,853,36.3,Tea,84,96,85,11,11.46,8
2024-03-13,Wednesday,False,False,False,853,36.3,Coffee,59,71,57,14,19.72,15
2024-03-13,Wednesday,False,False,False,853,36.3,Cold Drink,133,163,133,30,18.4,20
2024-03-13,Wednesday,False,False,False,853,36.3,Veg Puff,67,75,66,9,12.0,18
2024-03-13,Wednesday,False,False,False,853,36.3,Maggi,59,65,63,2,3.08,30
2024-03-14,Thursday,False,False,False,984,33.1,Samosa,139,152,147,5,3.29,12
2024-03-14,Thursday,False,False,False,984,33.1,Vada Pav,107,121,109,12,9.92,15
2024-03-14,Thursday,False,False,False,984,33.1,Sandwich,79,77,74,3,3.9,40
2024-03-14,Thursday,False,False,False,984,33.1,Tea,126,177,140,37,20.9,8
2024-03-14,Thursday,False,False,False,984,33.1,Coffee,98,120,89,31,25.83,15
2024-03-14,Thursday,False,False,False,984,33.1,Cold Drink,133,137,128,9,6.57,20
2024-03-14,Thursday,False,False,False,984,33.1,Veg Puff,80,86,72,14,16.28,18
2024-03-14,Thursday,False,False,False,984,33.1,Maggi,75,74,74,0,0.0,30
2024-03-15,Friday,False,False,False,1211,31.2,Samosa,131,145,138,7,4.83,12
2024-03-15,Friday,False,False,False,1211,31.2,Vada Pav,146,140,140,0,0.0,15
2024-03-15,Friday,False,False,False,1211,31.2,Sandwich,110,124,124,0,0.0,40
2024-03-15,Friday,False,False,False,1211,31.2,Tea,141,167,144,23,13.77,8
2024-03-15,Friday,False,False,False,1211,31.2,Coffee,132,153,134,19,12.42,15
2024-03-15,Friday,False,False,False,1211,31.2,Cold Drink,155,184,152,32,17.39,20
2024-03-15,Friday,False,False,False,1211,31.2,Veg Puff,105,114,106,8,7.02,18
2024-03-15,Friday,False,False,False,1211,31.2,Maggi,87,114,86,28,24.56,30
2024-03-16,Saturday,True,False,False,411,37.8,Samosa,27,28,26,2,7.14,12
2024-03-16,Saturday,True,False,False,411,37.8,Vada Pav,43,35,35,0,0.0,15
2024-03-16,Saturday,True,False,False,411,37.8,Sandwich,36,42,35,7,16.67,40
2024-03-16,Saturday,True,False,False,411,37.8,Tea,33,40,34,6,15.0,8
2024-03-16,Saturday,True,False,False,411,37.8,Coffee,27,31,26,5,16.13,15
2024-03-16,Saturday,True,False,False,411,37.8,Cold Drink,45,50,47,3,6.0,20
2024-03-16,Saturday,True,False,False,411,37.8,Veg Puff,28,19,19,0,0.0,18
2024-03-16,Saturday,True,False,False,411,37.8,Maggi,22,25,21,4,16.0,30
2024-03-17,Sunday,True,False,False,556,36.8,Samosa,42,50,39,11,22.0,12
2024-03-17,Sunday,True,False,False,556,36.8,Vada Pav,27,28,28,0,0.0,15
2024-03-17,Sunday,True,False,False,556,36.8,Sandwich,44,53,45,8,15.09,40
2024-03-17,Sunday,True,False,False,556,36.8,Tea,49,51,50,1,1.96,8
2024-03-17,Sunday,True,False,False,556,36.8,Coffee,39,49,41,8,16.33,15
2024-03-17,Sunday,True,False,False,556,36.8,Cold Drink,68,81,71,10,12.35,20
2024-03-17,Sunday,True,False,False,556,36.8,Veg Puff,32,32,31,1,3.12,18
2024-03-17,Sunday,True,False,False,556,36.8,Maggi,23,24,22,2,8.33,30
2024-03-18,Monday,False,False,False,781,33.1,Samosa,81,95,81,14,14.74,12
2024-03-18,Monday,False,False,False,781,33.1,Vada Pav,74,92,77,15,16.3,15
2024-03-18,Monday,False,False,False,781,33.1,Sandwich,60,62,57,5,8.06,40
2024-03-18,Monday,False,False,False,781,33.1,Tea,84,107,83,24,22.43,8
2024-03-18,Monday,False,False,False,781,33.1,Coffee,69,58,58,0,0.0,15
2024-03-18,Monday,False,False,False,781,33.1,Cold Drink,98,113,99,14,12.39,20
2024-03-18,Monday,False,False,False,781,33.1,Veg Puff,75,71,63,8,11.27,18
2024-03-18,Monday,False,False,False,781,33.1,Maggi,57,80,60,20,25.0,30
2024-03-19,Tuesday,False,False,False,931,32.5,Samosa,133,133,133,0,0.0,12
2024-03-19,Tuesday,False,False,False,931,32.5,Vada Pav,103,134,117,17,12.69,15
2024-03-19,Tuesday,False,False,False,931,32.5,Sandwich,91,97,90,7,7.22,40
2024-03-19,Tuesday,False,False,False,931,32.5,Tea,93,97,91,6,6.19,8
2024-03-19,Tuesday,False,False,False,931,32.5,Coffee,82,96,78,18,18.75,15
2024-03-19,Tuesday,False,False,False,931,32.5,Cold Drink,138,158,137,21,13.29,20
2024-03-19,Tuesday,False,False,False,931,32.5,Veg Puff,75,87,78,9,10.34,18
2024-03-19,Tuesday,False,False,False,931,32.5,Maggi,61,64,60,4,6.25,30
2024-03-20,Wednesday,False,False,False,698,31.5,Samosa,87,111,88,23,20.72,12
2024-03-20,Wednesday,False,False,False,698,31.5,Vada Pav,75,95,74,21,22.11,15
2024-03-20,Wednesday,False,False,False,698,31.5,Sandwich,69,78,69,9,11.54,40
2024-03-20,Wednesday,False,False,False,698,31.5,Tea,84,65,65,0,0.0,8
2024-03-20,Wednesday,False,False,False,698,31.5,Coffee,84,108,88,20,18.52,15
2024-03-20,Wednesday,False,False,False,698,31.5,Cold Drink,103,119,104,15,12.61,20
2024-03-20,Wednesday,False,False,False,698,31.5,Veg Puff,53,58,54,4,6.9,18
2024-03-20,Wednesday,False,False,False,698,31.5,Maggi,58,65,56,9,13.85,30
2024-03-21,Thursday,False,False,False,900,35.8,Samosa,102,82,82,0,0.0,12
2024-03-21,Thursday,False,False,False,900,35.8,Vada Pav,83,89,82,7,7.87,15
2024-03-21,Thursday,False,False,False,900,35.8,Sandwich,81,110,82,28,25.45,40
2024-03-21,Thursday,False,False,False,900,35.8,Tea,105,130,99,31,23.85,8
2024-03-21,Thursday,False,False,False,900,35.8,Coffee,85,96,87,9,9.38,15
2024-03-21,Thursday,False,False,False,900,35.8,Cold Drink,128,117,117,0,0.0,20
2024-03-21,Thursday,False,False,False,900,35.8,Veg Puff,77,78,73,5,6.41,18
2024-03-21,Thursday,False,False,False,900,35.8,Maggi,72,69,69,0,0.0,30
2024-03-22,Friday,False,False,False,764,35.9,Samosa,97,120,94,26,21.67,12
2024-03-22,Friday,False,False,False,764,35.9,Vada Pav,79,91,75,16,17.58,15
2024-03-22,Friday,False,False,False,764,35.9,Sandwich,78,83,77,6,7.23,40
2024-03-22,Friday,False,False,False,764,35.9,Tea,70,53,53,0,0.0,8
2024-03-22,Friday,False,False,False,764,35.9,Coffee,89,112,88,24,21.43,15
2024-03-22,Friday,False,False,False,764,35.9,Cold Drink,115,132,118,14,10.61,20
2024-03-22,Friday,False,False,False,764,35.9,Veg Puff,54,71,55,16,22.54,18
2024-03-22,Friday,False,False,False,764,35.9,Maggi,59,71,59,12,16.9,30
2024-03-23,Saturday,True,False,False,533,35.8,Samosa,45,47,45,2,4.26,12
2024-03-23,Saturday,True,False,False,533,35.8,Vada Pav,54,52,50,2,3.85,15
2024-03-23,Saturday,True,False,False,533,35.8,Sandwich,36,41,36,5,12.2,40
2024-03-23,Saturday,True,False,False,533,35.8,Tea,45,50,48,2,4.0,8
2024-03-23,Saturday,True,False,False,533,35.8,Coffee,13,13,12,1,7.69,15
2024-03-23,Saturday,True,False,False,533,35.8,Cold Drink,42,47,45,2,4.26,20
2024-03-23,Saturday,True,False,False,533,35.8,Veg Puff,31,36,29,7,19.44,18
2024-03-23,Saturday,True,False,False,533,35.8,Maggi,22,24,21,3,12.5,30
2024-03-24,Sunday,True,False,False,564,35.7,Samosa,39,46,39,7,15.22,12
2024-03-24,Sunday,True,False,False,564,35.7,Vada Pav,52,72,49,23,31.94,15
2024-03-24,Sunday,True,False,False,564,35.7,Sandwich,30,28,28,0,0.0,40
2024-03-24,Sunday,True,False,False,564,35.7,Tea,51,66,50,16,24.24,8
2024-03-24,Sunday,True,False,False,564,35.7,Coffee,29,34,27,7,20.59,15
2024-03-24,Sunday,True,False,False,564,35.7,Cold Drink,79,71,71,0,0.0,20
2024-03-24,Sunday,True,False,False,564,35.7,Veg Puff,48,55,47,8,14.55,18
2024-03-24,Sunday,True,False,False,564,35.7,Maggi,26,29,27,2,6.9,30
2024-03-25,Monday,False,False,False,568,38.6,Samosa,58,64,56,8,12.5,12
2024-03-25,Monday,False,False,False,568,38.6,Vada Pav,65,59,59,0,0.0,15
2024-03-25,Monday,False,False,False,568,38.6,Sandwich,70,66,66,0,0.0,40
2024-03-25,Monday,False,False,False,568,38.6,Tea,46,55,46,9,16.36,8
2024-03-25,Monday,False,False,False,568,38.6,Coffee,34,41,37,4,9.76,15
2024-03-25,Monday,False,False,False,568,38.6,Cold Drink,93,116,86,30,25.86,20
2024-03-25,Monday,False,False,False,568,38.6,Veg Puff,40,48,42,6,12.5,18
2024-03-25,Monday,False,False,False,568,38.6,Maggi,43,47,42,5,10.64,30
2024-03-26,Tuesday,False,False,False,712,35.8,Samosa,105,113,102,11,9.73,12
2024-03-26,Tuesday,False,False,False,712,35.8,Vada Pav,77,83,76,7,8.43,15
2024-03-26,Tuesday,False,False,False,712,35.8,Sandwich,85,94,83,11,11.7,40
2024-03-26,Tuesday,False,False,False,712,35.8,Tea,70,88,69,19,21.59,8
2024-03-26,Tuesday,False,False,False,712,35.8,Coffee,51,68,54,14,20.59,15
2024-03-26,Tuesday,False,False,False,712,35.8,Cold Drink,104,90,90,0,0.0,20
2024-03-26,Tuesday,False,False,False,712,35.8,Veg Puff,54,68,48,20,29.41,18
2024-03-26,Tuesday,False,False,False,712,35.8,Maggi,57,55,55,0,0.0,30
2024-03-27,Wednesday,False,False,False,902,31.1,Samosa,115,144,115,29,20.14,12
2024-03-27,Wednesday,False,False,False,902,31.1,Vada Pav,100,144,92,52,36.11,15
2024-03-27,Wednesday,False,False,False,902,31.1,Sandwich,98,114,93,21,18.42,40
2024-03-27,Wednesday,False,False,False,902,31.1,Tea,102,114,106,8,7.02,8
2024-03-27,Wednesday,False,False,False,902,31.1,Coffee,88,121,81,40,33.06,15
2024-03-27,Wednesday,False,False,False,902,31.1,Cold Drink,117,112,112,0,0.0,20
2024-03-27,Wednesday,False,False,False,902,31.1,Veg Puff,81,88,70,18,20.45,18
2024-03-27,Wednesday,False,False,False,902,31.1,Maggi,66,80,67,13,16.25,30
2024-03-28,Thursday,False,False,False,1085,30.8,Samosa,152,201,138,63,31.34,12
2024-03-28,Thursday,False,False,False,1085,30.8,Vada Pav,117,125,116,9,7.2,15
2024-03-28,Thursday,False,False,False,1085,30.8,Sandwich,105,113,101,12,10.62,40
2024-03-28,Thursday,False,False,False,1085,30.8,Tea,149,147,140,7,4.76,8
2024-03-28,Thursday,False,False,False,1085,30.8,Coffee,117,114,114,0,0.0,15
2024-03-28,Thursday,False,False,False,1085,30.8,Cold Drink,144,128,128,0,0.0,20
2024-03-28,Thursday,False,False,False,1085,30.8,Veg Puff,99,99,96,3,3.03,18
2024-03-28,Thursday,False,False,False,1085,30.8,Maggi,81,102,79,23,22.55,30
2024-03-29,Friday,False,False,False,810,38.3,Samosa,128,165,128,37,22.42,12
2024-03-29,Friday,False,False,False,810,38.3,Vada Pav,77,78,78,0,0.0,15
2024-03-29,Friday,False,False,False,810,38.3,Sandwich,80,108,82,26,24.07,40
2024-03-29,Friday,False,False,False,810,38.3,Tea,58,75,55,20,26.67,8
2024-03-29,Friday,False,False,False,810,38.3,Coffee,55,65,60,5,7.69,15
2024-03-29,Friday,False,False,False,810,38.3,Cold Drink,162,201,160,41,20.4,20
2024-03-29,Friday,False,False,False,810,38.3,Veg Puff,71,91,69,22,24.18,18
2024-03-29,Friday,False,False,False,810,38.3,Maggi,70,82,71,11,13.41,30
2024-03-30,Saturday,True,False,False,533,35.3,Samosa,59,62,57,5,8.06,12
2024-03-30,Saturday,True,False,False,533,35.3,Vada Pav,28,34,29,5,14.71,15
2024-03-30,Saturday,True,False,False,533,35.3,Sandwich,39,54,38,16,29.63,40
2024-03-30,Saturday,True,False,False,533,35.3,Tea,53,52,51,1,1.92,8
2024-03-30,Saturday,True,False,False,533,35.3,Coffee,39,49,38,11,22.45,15
2024-03-30,Saturday,True,False,False,533,35.3,Cold Drink,55,50,50,0,0.0,20
2024-03-30,Saturday,True,False,False,533,35.3,Veg Puff,37,45,37,8,17.78,18
2024-03-30,Saturday,True,False,False,533,35.3,Maggi,27,31,26,5,16.13,30
2024-03-31,Sunday,True,False,False,534,35.3,Samosa,55,58,49,9,15.52,12
2024-03-31,Sunday,True,False,False,534,35.3,Vada Pav,49,52,46,6,11.54,15
2024-03-31,Sunday,True,False,False,534,35.3,Sandwich,41,44,43,1,2.27,40
2024-03-31,Sunday,True,False,False,534,35.3,Tea,52,65,48,17,26.15,8
2024-03-31,Sunday,True,False,False,534,35.3,Coffee,44,52,43,9,17.31,15
2024-03-31,Sunday,True,False,False,534,35.3,Cold Drink,57,50,50,0,0.0,20
2024-03-31,Sunday,True,False,False,534,35.3,Veg Puff,23,21,21,0,0.0,18
2024-03-31,Sunday,True,False,False,534,35.3,Maggi,34,35,35,0,0.0,30
2024-04-01,Monday,False,False,True,746,28.9,Samosa,71,94,70,24,25.53,12
2024-04-01,Monday,False,False,True,746,28.9,Vada Pav,61,71,62,9,12.68,15
2024-04-01,Monday,False,False,True,746,28.9,Sandwich,69,94,67,27,28.72,40
2024-04-01,Monday,False,False,True,746,28.9,Tea,73,79,73,6,7.59,8
2024-04-01,Monday,False,False,True,746,28.9,Coffee,57,57,57,0,0.0,15
2024-04-01,Monday,False,False,True,746,28.9,Cold Drink,75,86,72,14,16.28,20
2024-04-01,Monday,False,False,True,746,28.9,Veg Puff,51,51,51,0,0.0,18
2024-04-01,Monday,False,False,True,746,28.9,Maggi,52,45,45,0,0.0,30
2024-04-02,Tuesday,False,False,True,650,32.0,Samosa,72,67,67,0,0.0,12
2024-04-02,Tuesday,False,False,True,650,32.0,Vada Pav,48,56,48,8,14.29,15
2024-04-02,Tuesday,False,False,True,650,32.0,Sandwich,46,54,44,10,18.52,40
2024-04-02,Tuesday,False,False,True,650,32.0,Tea,68,95,72,23,24.21,8
2024-04-02,Tuesday,False,False,True,650,32.0,Coffee,38,48,39,9,18.75,15
2024-04-02,Tuesday,False,False,True,650,32.0,Cold Drink,64,81,68,13,16.05,20
2024-04-02,Tuesday,False,False,True,650,32.0,Veg Puff,37,37,37,0,0.0,18
2024-04-02,Tuesday,False,False,True,650,32.0,Maggi,41,50,41,9,18.0,30
2024-04-03,Wednesday,False,False,True,839,30.0,Samosa,107,141,105,36,25.53,12
2024-04-03,Wednesday,False,False,True,839,30.0,Vada Pav,74,68,68,0,0.0,15
2024-04-03,Wednesday,False,False,True,839,30.0,Sandwich,72,82,76,6,7.32,40
2024-04-03,Wednesday,False,False,True,839,30.0,Tea,95,117,90,27,23.08,8
2024-04-03,Wednesday,False,False,True,839,30.0,Coffee,73,82,73,9,10.98,15
2024-04-03,Wednesday,False,False,True,839,30.0,Cold Drink,85,96,88,8,8.33,20
2024-04-03,Wednesday,False,False,True,839,30.0,Veg Puff,56,50,50,0,0.0,18
2024-04-03,Wednesday,False,False,True,839,30.0,Maggi,60,57,57,0,0.0,30
2024-04-04,Thursday,False,False,True,749,34.8,Samosa,88,98,84,14,14.29,12
2024-04-04,Thursday,False,False,True,749,34.8,Vada Pav,60,60,57,3,5.0,15
2024-04-04,Thursday,False,False,True,749,34.8,Sandwich,59,61,61,0,0.0,40
2024-04-04,Thursday,False,False,True,749,34.8,Tea,97,103,98,5,4.85,8
2024-04-04,Thursday,False,False,True,749,34.8,Coffee,60,73,60,13,17.81,15
2024-04-04,Thursday,False,False,True,749,34.8,Cold Drink,101,123,94,29,23.58,20
2024-04-04,Thursday,False,False,True,749,34.8,Veg Puff,59,75,56,19,25.33,18
2024-04-04,Thursday,False,False,True,749,34.8,Maggi,46,57,45,12,21.05,30
2024-04-05,Friday,False,False,True,907,41.1,Samosa,93,87,87,0,0.0,12
2024-04-05,Friday,False,False,True,907,41.1,Vada Pav,88,98,94,4,4.08,15
2024-04-05,Friday,False,False,True,907,41.1,Sandwich,61,76,59,17,22.37,40
2024-04-05,Friday,False,False,True,907,41.1,Tea,92,133,88,45,33.83,8
2024-04-05,Friday,False,False,True,907,41.1,Coffee,42,53,41,12,22.64,15
2024-04-05,Friday,False,False,True,907,41.1,Cold Drink,138,159,124,35,22.01,20
2024-04-05,Friday,False,False,True,907,41.1,Veg Puff,64,66,62,4,6.06,18
2024-04-05,Friday,False,False,True,907,41.1,Maggi,65,62,62,0,0.0,30
2024-04-06,Saturday,True,False,True,486,33.2,Samosa,54,64,55,9,14.06,12
2024-04-06,Saturday,True,False,True,486,33.2,Vada Pav,45,49,43,6,12.24,15
2024-04-06,Saturday,True,False,True,486,33.2,Sandwich,22,22,22,0,0.0,40
2024-04-06,Saturday,True,False,True,486,33.2,Tea,61,57,56,1,1.75,8
2024-04-06,Saturday,True,False,True,486,33.2,Coffee,36,44,36,8,18.18,15
2024-04-06,Saturday,True,False,True,486,33.2,Cold Drink,45,50,45,5,10.0,20
2024-04-06,Saturday,True,False,True,486,33.2,Veg Puff,28,22,22,0,0.0,18
2024-04-06,Saturday,True,False,True,486,33.2,Maggi,19,22,21,1,4.55,30
2024-04-07,Sunday,True,False,True,518,33.1,Samosa,59,72,60,12,16.67,12
2024-04-07,Sunday,True,False,True,518,33.1,Vada Pav,44,64,41,23,35.94,15
2024-04-07,Sunday,True,False,True,518,33.1,Sandwich,38,38,38,0,0.0,40
2024-04-07,Sunday,True,False,True,518,33.1,Tea,32,34,31,3,8.82,8
2024-04-07,Sunday,True,False,True,518,33.1,Coffee,44,56,41,15,26.79,15
2024-04-07,Sunday,True,False,True,518,33.1,Cold Drink,51,53,47,6,11.32,20
2024-04-07,Sunday,True,False,True,518,33.1,Veg Puff,28,30,30,0,0.0,18
2024-04-07,Sunday,True,False,True,518,33.1,Maggi,29,27,27,0,0.0,30
2024-04-08,Monday,False,False,True,902,40.3,Samosa,83,72,72,0,0.0,12
2024-04-08,Monday,False,False,True,902,40.3,Vada Pav,84,85,85,0,0.0,15
2024-04-08,Monday,False,False,True,902,40.3,Sandwich,50,57,50,7,12.28,40
2024-04-08,Monday,False,False,True,902,40.3,Tea,83,82,82,0,0.0,8
2024-04-08,Monday,False,False,True,902,40.3,Coffee,40,47,38,9,19.15,15
2024-04-08,Monday,False,False,True,902,40.3,Cold Drink,131,131,131,0,0.0,20
2024-04-08,Monday,False,False,True,902,40.3,Veg Puff,70,78,70,8,10.26,18
2024-04-08,Monday,False,False,True,902,40.3,Maggi,45,49,44,5,10.2,30
2024-04-09,Tuesday,False,False,True,1062,30.7,Samosa,137,178,138,40,22.47,12
2024-04-09,Tuesday,False,False,True,1062,30.7,Vada Pav,111,133,113,20,15.04,15
2024-04-09,Tuesday,False,False,True,1062,30.7,Sandwich,84,112,88,24,21.43,40
2024-04-09,Tuesday,False,False,True,1062,30.7,Tea,115,109,109,0,0.0,8
2024-04-09,Tuesday,False,False,True,1062,30.7,Coffee,82,93,87,6,6.45,15
2024-04-09,Tuesday,False,False,True,1062,30.7,Cold Drink,111,126,111,15,11.9,20
2024-04-09,Tuesday,False,False,True,1062,30.7,Veg Puff,81,65,65,0,0.0,18
2024-04-09,Tuesday,False,False,True,1062,30.7,Maggi,66,87,64,23,26.44,30
2024-04-10,Wednesday,False,False,True,612,35.9,Samosa,61,59,59,0,0.0,12
2024-04-10,Wednesday,False,False,True,612,35.9,Vada Pav,53,56,47,9,16.07,15
2024-04-10,Wednesday,False,False,True,612,35.9,Sandwich,56,75,57,18,24.0,40
2024-04-10,Wednesday,False,False,True,612,35.9,Tea,41,45,40,5,11.11,8
2024-04-10,Wednesday,False,False,True,612,35.9,Coffee,49,61,47,14,22.95,15
2024-04-10,Wednesday,False,False,True,612,35.9,Cold Drink,81,98,86,12,12.24,20
2024-04-10,Wednesday,False,False,True,612,35.9,Veg Puff,48,60,48,12,20.0,18
2024-04-10,Wednesday,False,False,True,612,35.9,Maggi,46,55,44,11,20.0,30
2024-04-11,Thursday,False,False,True,940,36.1,Samosa,101,108,102,6,5.56,12
2024-04-11,Thursday,False,False,True,940,36.1,Vada Pav,88,103,89,14,13.59,15
2024-04-11,Thursday,False,False,True,940,36.1,Sandwich,89,116,89,27,23.28,40
2024-04-11,Thursday,False,False,True,940,36.1,Tea,102,101,101,0,0.0,8
2024-04-11,Thursday,False,False,True,940,36.1,Coffee,85,94,81,13,13.83,15
2024-04-11,Thursday,False,False,True,940,36.1,Cold Drink,118,116,113,3,2.59,20
2024-04-11,Thursday,False,False,True,940,36.1,Veg Puff,63,59,59,0,0.0,18
2024-04-11,Thursday,False,False,True,940,36.1,Maggi,63,63,63,0,0.0,30
2024-04-12,Friday,False,False,True,851,37.1,Samosa,88,112,83,29,25.89,12
2024-04-12,Friday,False,False,True,851,37.1,Vada Pav,84,98,86,12,12.24,15
2024-04-12,Friday,False,False,True,851,37.1,Sandwich,58,58,58,0,0.0,40
2024-04-12,Friday,False,False,True,851,37.1,Tea,62,75,57,18,24.0,8
2024-04-12,Friday,False,False,True,851,37.1,Coffee,65,62,62,0,0.0,15
2024-04-12,Friday,False,False,True,851,37.1,Cold Drink,121,126,124,2,1.59,20
2024-04-12,Friday,False,False,True,851,37.1,Veg Puff,62,66,58,8,12.12,18
2024-04-12,Friday,False,False,True,851,37.1,Maggi,39,46,35,11,23.91,30
2024-04-13,Saturday,True,False,True,504,33.2,Samosa,55,60,54,6,10.0,12
2024-04-13,Saturday,True,False,True,504,33.2,Vada Pav,44,52,44,8,15.38,15
2024-04-13,Saturday,True,False,True,504,33.2,Sandwich,37,34,34,0,0.0,40
2024-04-13,Saturday,True,False,True,504,33.2,Tea,53,52,52,0,0.0,8
2024-04-13,Saturday,True,False,True,504,33.2,Coffee,32,36,32,4,11.11,15
2024-04-13,Saturday,True,False,True,504,33.2,Cold Drink,62,81,57,24,29.63,20
2024-04-13,Saturday,True,False,True,504,33.2,Veg Puff,34,45,34,11,24.44,18
2024-04-13,Saturday,True,False,True,504,33.2,Maggi,32,46,33,13,28.26,30
2024-04-14,Sunday,True,False,True,512,37.1,Samosa,49,56,48,8,14.29,12
2024-04-14,Sunday,True,False,True,512,37.1,Vada Pav,52,53,53,0,0.0,15
2024-04-14,Sunday,True,False,True,512,37.1,Sandwich,38,35,35,0,0.0,40
2024-04-14,Sunday,True,False,True,512,37.1,Tea,6,7,6,1,14.29,8
2024-04-14,Sunday,True,False,True,512,37.1,Coffee,21,24,23,1,4.17,15
2024-04-14,Sunday,True,False,True,512,37.1,Cold Drink,53,52,52,0,0.0,20
2024-04-14,Sunday,True,False,True,512,37.1,Veg Puff,44,50,46,4,8.0,18
2024-04-14,Sunday,True,False,True,512,37.1,Maggi,34,35,33,2,5.71,30
2024-04-15,Monday,False,False,True,923,39.1,Samosa,111,113,113,0,0.0,12
2024-04-15,Monday,False,False,True,923,39.1,Vada Pav,77,84,78,6,7.14,15
2024-04-15,Monday,False,False,True,923,39.1,Sandwich,87,111,88,23,20.72,40
2024-04-15,Monday,False,False,True,923,39.1,Tea,82,94,84,10,10.64,8
2024-04-15,Monday,False,False,True,923,39.1,Coffee,27,29,27,2,6.9,15
2024-04-15,Monday,False,False,True,923,39.1,Cold Drink,123,148,121,27,18.24,20
2024-04-15,Monday,False,False,True,923,39.1,Veg Puff,78,108,76,32,29.63,18
2024-04-15,Monday,False,False,True,923,39.1,Maggi,55,62,53,9,14.52,30
2024-04-16,Tuesday,False,False,True,819,31.7,Samosa,79,98,81,17,17.35,12
2024-04-16,Tuesday,False,False,True,819,31.7,Vada Pav,65,83,62,21,25.3,15
2024-04-16,Tuesday,False,False,True,819,31.7,Sandwich,67,85,66,19,22.35,40
2024-04-16,Tuesday,False,False,True,819,31.7,Tea,99,106,98,8,7.55,8
2024-04-16,Tuesday,False,False,True,819,31.7,Coffee,65,67,64,3,4.48,15
2024-04-16,Tuesday,False,False,True,819,31.7,Cold Drink,79,85,77,8,9.41,20
2024-04-16,Tuesday,False,False,True,819,31.7,Veg Puff,56,62,55,7,11.29,18
2024-04-16,Tuesday,False,False,True,819,31.7,Maggi,53,67,51,16,23.88,30
2024-04-17,Wednesday,False,False,True,679,30.9,Samosa,71,77,68,9,11.69,12
2024-04-17,Wednesday,False,False,True,679,30.9,Vada Pav,48,51,48,3,5.88,15
2024-04-17,Wednesday,False,False,True,679,30.9,Sandwich,59,62,57,5,8.06,40
2024-04-17,Wednesday,False,False,True,679,30.9,Tea,65,74,62,12,16.22,8
2024-04-17,Wednesday,False,False,True,679,30.9,Coffee,64,56,56,0,0.0,15
2024-04-17,Wednesday,False,False,True,679,30.9,Cold Drink,77,90,87,3,3.33,20
2024-04-17,Wednesday,False,False,True,679,30.9,Veg Puff,50,49,49,0,0.0,18
2024-04-17,Wednesday,False,False,True,679,30.9,Maggi,30,34,28,6,17.65,30
2024-04-18,Thursday,False,False,True,891,32.4,Samosa,99,104,104,0,0.0,12
2024-04-18,Thursday,False,False,True,891,32.4,Vada Pav,76,108,79,29,26.85,15
2024-04-18,Thursday,False,False,True,891,32.4,Sandwich,75,90,76,14,15.56,40
2024-04-18,Thursday,False,False,True,891,32.4,Tea,69,76,71,5,6.58,8
2024-04-18,Thursday,False,False,True,891,32.4,Coffee,71,66,66,0,0.0,15
2024-04-18,Thursday,False,False,True,891,32.4,Cold Drink,118,157,117,40,25.48,20
2024-04-18,Thursday,False,False,True,891,32.4,Veg Puff,70,76,64,12,15.79,18
2024-04-18,Thursday,False,False,True,891,32.4,Maggi,48,66,47,19,28.79,30
2024-04-19,Friday,False,False,True,775,33.1,Samosa,110,153,122,31,20.26,12
2024-04-19,Friday,False,False,True,775,33.1,Vada Pav,68,81,62,19,23.46,15
2024-04-19,Friday,False,False,True,775,33.1,Sandwich,74,72,72,0,0.0,40
2024-04-19,Friday,False,False,True,775,33.1,Tea,66,70,63,7,10.0,8
2024-04-19,Friday,False,False,True,775,33.1,Coffee,54,57,52,5,8.77,15
2024-04-19,Friday,False,False,True,775,33.1,Cold Drink,100,98,98,0,0.0,20
2024-04-19,Friday,False,False,True,775,33.1,Veg Puff,64,68,61,7,10.29,18
2024-04-19,Friday,False,False,True,775,33.1,Maggi,46,61,46,15,24.59,30
2024-04-20,Saturday,True,False,True,473,35.5,Samosa,30,37,30,7,18.92,12
2024-04-20,Saturday,True,False,True,473,35.5,Vada Pav,32,32,30,2,6.25,15
2024-04-20,Saturday,True,False,True,473,35.5,Sandwich,35,46,33,13,28.26,40
2024-04-20,Saturday,True,False,True,473,35.5,Tea,44,36,36,0,0.0,8
2024-04-20,Saturday,True,False,True,473,35.5,Coffee,27,27,25,2,7.41,15
2024-04-20,Saturday,True,False,True,473,35.5,Cold Drink,44,52,43,9,17.31,20
2024-04-20,Saturday,True,False,True,473,35.5,Veg Puff,10,8,8,0,0.0,18
2024-04-20,Saturday,True,False,True,473,35.5,Maggi,26,19,19,0,0.0,30
2024-04-21,Sunday,True,False,True,473,38.2,Samosa,39,47,39,8,17.02,12
2024-04-21,Sunday,True,False,True,473,38.2,Vada Pav,14,17,14,3,17.65,15
2024-04-21,Sunday,True,False,True,473,38.2,Sandwich,35,60,31,29,48.33,40
2024-04-21,Sunday,True,False,True,473,38.2,Tea,59,65,59,6,9.23,8
2024-04-21,Sunday,True,False,True,473,38.2,Coffee,23,24,22,2,8.33,15
2024-04-21,Sunday,True,False,True,473,38.2,Cold Drink,57,52,52,0,0.0,20
2024-04-21,Sunday,True,False,True,473,38.2,Veg Puff,24,23,23,0,0.0,18
2024-04-21,Sunday,True,False,True,473,38.2,Maggi,32,34,32,2,5.88,30
2024-04-22,Monday,False,False,True,726,36.3,Samosa,90,128,89,39,30.47,12
2024-04-22,Monday,False,False,True,726,36.3,Vada Pav,71,82,75,7,8.54,15
2024-04-22,Monday,False,False,True,726,36.3,Sandwich,52,65,51,14,21.54,40
2024-04-22,Monday,False,False,True,726,36.3,Tea,67,77,67,10,12.99,8
2024-04-22,Monday,False,False,True,726,36.3,Coffee,48,56,51,5,8.93,15
2024-04-22,Monday,False,False,True,726,36.3,Cold Drink,105,134,102,32,23.88,20
2024-04-22,Monday,False,False,True,726,36.3,Veg Puff,44,56,45,11,19.64,18
2024-04-22,Monday,False,False,True,726,36.3,Maggi,54,57,53,4,7.02,30
2024-04-23,Tuesday,False,False,True,636,32.8,Samosa,84,90,86,4,4.44,12
2024-04-23,Tuesday,False,False,True,636,32.8,Vada Pav,55,65,51,14,21.54,15
2024-04-23,Tuesday,False,False,True,636,32.8,Sandwich,51,35,35,0,0.0,40
2024-04-23,Tuesday,False,False,True,636,32.8,Tea,44,58,45,13,22.41,8
2024-04-23,Tuesday,False,False,True,636,32.8,Coffee,55,75,52,23,30.67,15
2024-04-23,Tuesday,False,False,True,636,32.8,Cold Drink,90,116,88,28,24.14,20
2024-04-23,Tuesday,False,False,True,636,32.8,Veg Puff,53,52,50,2,3.85,18
2024-04-23,Tuesday,False,False,True,636,32.8,Maggi,35,37,33,4,10.81,30
2024-04-24,Wednesday,False,False,True,922,33.2,Samosa,108,114,98,16,14.04,12
2024-04-24,Wednesday,False,False,True,922,33.2,Vada Pav,85,73,73,0,0.0,15
2024-04-24,Wednesday,False,False,True,922,33.2,Sandwich,62,89,64,25,28.09,40
2024-04-24,Wednesday,False,False,True,922,33.2,Tea,99,132,94,38,28.79,8
2024-04-24,Wednesday,False,False,True,922,33.2,Coffee,78,92,79,13,14.13,15
2024-04-24,Wednesday,False,False,True,922,33.2,Cold Drink,122,153,123,30,19.61,20
2024-04-24,Wednesday,False,False,True,922,33.2,Veg Puff,52,52,51,1,1.92,18
2024-04-24,Wednesday,False,False,True,922,33.2,Maggi,57,55,55,0,0.0,30
2024-04-25,Thursday,False,False,True,951,35.8,Samosa,108,120,102,18,15.0,12
2024-04-25,Thursday,False,False,True,951,35.8,Vada Pav,86,102,80,22,21.57,15
2024-04-25,Thursday,False,False,True,951,35.8,Sandwich,79,89,71,18,20.22,40
2024-04-25,Thursday,False,False,True,951,35.8,Tea,78,84,84,0,0.0,8
2024-04-25,Thursday,False,False,True,951,35.8,Coffee,72,68,68,0,0.0,15
2024-04-25,Thursday,False,False,True,951,35.8,Cold Drink,110,144,107,37,25.69,20
2024-04-25,Thursday,False,False,True,951,35.8,Veg Puff,66,89,61,28,31.46,18
2024-04-25,Thursday,False,False,True,951,35.8,Maggi,49,52,51,1,1.92,30
2024-04-26,Friday,False,False,True,648,25.5,Samosa,68,83,72,11,13.25,12
2024-04-26,Friday,False,False,True,648,25.5,Vada Pav,53,57,56,1,1.75,15
2024-04-26,Friday,False,False,True,648,25.5,Sandwich,36,39,36,3,7.69,40
2024-04-26,Friday,False,False,True,648,25.5,Tea,97,104,97,7,6.73,8
2024-04-26,Friday,False,False,True,648,25.5,Coffee,38,39,38,1,2.56,15
2024-04-26,Friday,False,False,True,648,25.5,Cold Drink,47,54,48,6,11.11,20
2024-04-26,Friday,False,False,True,648,25.5,Veg Puff,43,50,40,10,20.0,18
2024-04-26,Friday,False,False,True,648,25.5,Maggi,38,47,38,9,19.15,30
2024-04-27,Saturday,True,False,True,470,34.7,Samosa,52,43,43,0,0.0,12
2024-04-27,Saturday,True,False,True,470,34.7,Vada Pav,31,37,32,5,13.51,15
2024-04-27,Saturday,True,False,True,470,34.7,Sandwich,19,19,18,1,5.26,40
2024-04-27,Saturday,True,False,True,470,34.7,Tea,27,38,25,13,34.21,8
2024-04-27,Saturday,True,False,True,470,34.7,Coffee,22,25,20,5,20.0,15
2024-04-27,Saturday,True,False,True,470,34.7,Cold Drink,45,53,44,9,16.98,20
2024-04-27,Saturday,True,False,True,470,34.7,Veg Puff,26,27,24,3,11.11,18
2024-04-27,Saturday,True,False,True,470,34.7,Maggi,25,35,25,10,28.57,30
2024-04-28,Sunday,True,False,True,511,36.1,Samosa,32,44,32,12,27.27,12
2024-04-28,Sunday,True,False,True,511,36.1,Vada Pav,53,55,55,0,0.0,15
2024-04-28,Sunday,True,False,True,511,36.1,Sandwich,40,49,40,9,18.37,40
2024-04-28,Sunday,True,False,True,511,36.1,Tea,36,47,36,11,23.4,8
2024-04-28,Sunday,True,False,True,511,36.1,Coffee,7,6,6,0,0.0,15
2024-04-28,Sunday,True,False,True,511,36.1,Cold Drink,58,66,61,5,7.58,20
2024-04-28,Sunday,True,False,True,511,36.1,Veg Puff,15,17,13,4,23.53,18
2024-04-28,Sunday,True,False,True,511,36.1,Maggi,30,34,30,4,11.76,30
2024-04-29,Monday,False,False,True,713,37.8,Samosa,93,115,92,23,20.0,12
2024-04-29,Monday,False,False,True,713,37.8,Vada Pav,69,72,71,1,1.39,15
2024-04-29,Monday,False,False,True,713,37.8,Sandwich,71,93,68,25,26.88,40
2024-04-29,Monday,False,False,True,713,37.8,Tea,67,64,64,0,0.0,8
2024-04-29,Monday,False,False,True,713,37.8,Coffee,50,43,43,0,0.0,15
2024-04-29,Monday,False,False,True,713,37.8,Cold Drink,96,106,90,16,15.09,20
2024-04-29,Monday,False,False,True,713,37.8,Veg Puff,53,62,52,10,16.13,18
2024-04-29,Monday,False,False,True,713,37.8,Maggi,38,49,41,8,16.33,30
2024-04-30,Tuesday,False,False,True,751,32.2,Samosa,91,99,90,9,9.09,12
2024-04-30,Tuesday,False,False,True,751,32.2,Vada Pav,74,63,63,0,0.0,15
2024-04-30,Tuesday,False,False,True,751,32.2,Sandwich,60,65,59,6,9.23,40
2024-04-30,Tuesday,False,False,True,751,32.2,Tea,82,73,73,0,0.0,8
2024-04-30,Tuesday,False,False,True,751,32.2,Coffee,61,74,63,11,14.86,15
2024-04-30,Tuesday,False,False,True,751,32.2,Cold Drink,77,94,75,19,20.21,20
2024-04-30,Tuesday,False,False,True,751,32.2,Veg Puff,59,49,49,0,0.0,18
2024-04-30,Tuesday,False,False,True,751,32.2,Maggi,42,51,42,9,17.65,30
2024-05-01,Wednesday,False,False,True,729,31.9,Samosa,81,82,82,0,0.0,12
2024-05-01,Wednesday,False,False,True,729,31.9,Vada Pav,61,43,43,0,0.0,15
2024-05-01,Wednesday,False,False,True,729,31.9,Sandwich,49,44,44,0,0.0,40
2024-05-01,Wednesday,False,False,True,729,31.9,Tea,83,111,84,27,24.32,8
2024-05-01,Wednesday,False,False,True,729,31.9,Coffee,53,64,51,13,20.31,15
2024-05-01,Wednesday,False,False,True,729,31.9,Cold Drink,76,74,69,5,6.76,20
2024-05-01,Wednesday,False,False,True,729,31.9,Veg Puff,48,56,47,9,16.07,18
2024-05-01,Wednesday,False,False,True,729,31.9,Maggi,42,42,42,0,0.0,30
2024-05-02,Thursday,False,False,True,668,36.3,Samosa,63,65,58,7,10.77,12
2024-05-02,Thursday,False,False,True,668,36.3,Vada Pav,55,71,56,15,21.13,15
2024-05-02,Thursday,False,False,True,668,36.3,Sandwich,61,74,57,17,22.97,40
2024-05-02,Thursday,False,False,True,668,36.3,Tea,57,58,58,0,0.0,8
2024-05-02,Thursday,False,False,True,668,36.3,Coffee,32,41,33,8,19.51,15
2024-05-02,Thursday,False,False,True,668,36.3,Cold Drink,105,114,108,6,5.26,20
2024-05-02,Thursday,False,False,True,668,36.3,Veg Puff,64,67,59,8,11.94,18
2024-05-02,Thursday,False,False,True,668,36.3,Maggi,28,35,25,10,28.57,30
2024-05-03,Friday,False,False,True,762,35.3,Samosa,88,106,88,18,16.98,12
2024-05-03,Friday,False,False,True,762,35.3,Vada Pav,80,80,77,3,3.75,15
2024-05-03,Friday,False,False,True,762,35.3,Sandwich,54,68,56,12,17.65,40
2024-05-03,Friday,False,False,True,762,35.3,Tea,81,107,76,31,28.97,8
2024-05-03,Friday,False,False,True,762,35.3,Coffee,73,100,75,25,25.0,15
2024-05-03,Friday,False,False,True,762,35.3,Cold Drink,114,102,102,0,0.0,20
2024-05-03,Friday,False,False,True,762,35.3,Veg Puff,48,60,45,15,25.0,18
2024-05-03,Friday,False,False,True,762,35.3,Maggi,51,69,52,17,24.64,30
2024-05-04,Saturday,True,False,True,514,31.0,Samosa,37,49,38,11,22.45,12
2024-05-04,Saturday,True,False,True,514,31.0,Vada Pav,37,40,33,7,17.5,15
2024-05-04,Saturday,True,False,True,514,31.0,Sandwich,24,34,22,12,35.29,40
2024-05-04,Saturday,True,False,True,514,31.0,Tea,51,66,47,19,28.79,8
2024-05-04,Saturday,True,False,True,514,31.0,Coffee,38,49,38,11,22.45,15
2024-05-04,Saturday,True,False,True,514,31.0,Cold Drink,72,64,64,0,0.0,20
2024-05-04,Saturday,True,False,True,514,31.0,Veg Puff,28,35,28,7,20.0,18
2024-05-04,Saturday,True,False,True,514,31.0,Maggi,21,24,19,5,20.83,30
2024-05-05,Sunday,True,False,True,530,34.9,Samosa,57,74,58,16,21.62,12
2024-05-05,Sunday,True,False,True,530,34.9,Vada Pav,40,40,38,2,5.0,15
2024-05-05,Sunday,True,False,True,530,34.9,Sandwich,45,61,44,17,27.87,40
2024-05-05,Sunday,True,False,True,530,34.9,Tea,44,44,44,0,0.0,8
2024-05-05,Sunday,True,False,True,530,34.9,Coffee,39,56,37,19,33.93,15
2024-05-05,Sunday,True,False,True,530,34.9,Cold Drink,52,61,53,8,13.11,20
2024-05-05,Sunday,True,False,True,530,34.9,Veg Puff,29,29,29,0,0.0,18
2024-05-05,Sunday,True,False,True,530,34.9,Maggi,31,31,31,0,0.0,30
2024-05-06,Monday,False,False,True,917,34.4,Samosa,104,128,99,29,22.66,12
2024-05-06,Monday,False,False,True,917,34.4,Vada Pav,82,67,67,0,0.0,15
2024-05-06,Monday,False,False,True,917,34.4,Sandwich,60,82,59,23,28.05,40
2024-05-06,Monday,False,False,True,917,34.4,Tea,90,95,88,7,7.37,8
2024-05-06,Monday,False,False,True,917,34.4,Coffee,83,64,64,0,0.0,15
2024-05-06,Monday,False,False,True,917,34.4,Cold Drink,117,113,110,3,2.65,20
2024-05-06,Monday,False,False,True,917,34.4,Veg Puff,77,77,72,5,6.49,18
2024-05-06,Monday,False,False,True,917,34.4,Maggi,63,75,60,15,20.0,30
2024-05-07,Tuesday,False,False,True,821,30.9,Samosa,106,138,108,30,21.74,12
2024-05-07,Tuesday,False,False,True,821,30.9,Vada Pav,77,108,76,32,29.63,15
2024-05-07,Tuesday,False,False,True,821,30.9,Sandwich,55,66,60,6,9.09,40
2024-05-07,Tuesday,False,False,True,821,30.9,Tea,80,87,81,6,6.9,8
2024-05-07,Tuesday,False,False,True,821,30.9,Coffee,69,69,69,0,0.0,15
2024-05-07,Tuesday,False,False,True,821,30.9,Cold Drink,111,130,105,25,19.23,20
2024-05-07,Tuesday,False,False,True,821,30.9,Veg Puff,46,54,48,6,11.11,18
2024-05-07,Tuesday,False,False,True,821,30.9,Maggi,53,60,51,9,15.0,30
2024-05-08,Wednesday,False,False,True,690,36.5,Samosa,89,81,81,0,0.0,12
2024-05-08,Wednesday,False,False,True,690,36.5,Vada Pav,67,91,62,29,31.87,15
2024-05-08,Wednesday,False,False,True,690,36.5,Sandwich,43,48,44,4,8.33,40
2024-05-08,Wednesday,False,False,True,690,36.5,Tea,90,113,88,25,22.12,8
2024-05-08,Wednesday,False,False,True,690,36.5,Coffee,35,46,33,13,28.26,15
2024-05-08,Wednesday,False,False,True,690,36.5,Cold Drink,107,118,115,3,2.54,20
2024-05-08,Wednesday,False,False,True,690,36.5,Veg Puff,53,59,51,8,13.56,18
2024-05-08,Wednesday,False,False,True,690,36.5,Maggi,40,48,40,8,16.67,30
2024-05-09,Thursday,False,False,True,740,33.5,Samosa,84,69,69,0,0.0,12
2024-05-09,Thursday,False,False,True,740,33.5,Vada Pav,57,55,52,3,5.45,15
2024-05-09,Thursday,False,False,True,740,33.5,Sandwich,44,41,41,0,0.0,40
2024-05-09,Thursday,False,False,True,740,33.5,Tea,107,114,107,7,6.14,8
2024-05-09,Thursday,False,False,True,740,33.5,Coffee,61,71,60,11,15.49,15
2024-05-09,Thursday,False,False,True,740,33.5,Cold Drink,78,106,85,21,19.81,20
2024-05-09,Thursday,False,False,True,740,33.5,Veg Puff,39,38,38,0,0.0,18
2024-05-09,Thursday,False,False,True,740,33.5,Maggi,39,47,37,10,21.28,30
2024-05-10,Friday,False,False,True,1016,37.6,Samosa,117,152,123,29,19.08,12
2024-05-10,Friday,False,False,True,1016,37.6,Vada Pav,85,87,85,2,2.3,15
2024-05-10,Friday,False,False,True,1016,37.6,Sandwich,88,103,81,22,21.36,40
2024-05-10,Friday,False,False,True,1016,37.6,Tea,77,87,76,11,12.64,8
2024-05-10,Friday,False,False,True,1016,37.6,Coffee,87,81,81,0,0.0,15
2024-05-10,Friday,False,False,True,1016,37.6,Cold Drink,154,229,150,79,34.5,20
2024-05-10,Friday,False,False,True,1016,37.6,Veg Puff,75,92,75,17,18.48,18
2024-05-10,Friday,False,False,True,1016,37.6,Maggi,61,74,53,21,28.38,30
2024-05-11,Saturday,True,False,True,534,34.4,Samosa,47,68,45,23,33.82,12
2024-05-11,Saturday,True,False,True,534,34.4,Vada Pav,35,50,33,17,34.0,15
2024-05-11,Saturday,True,False,True,534,34.4,Sandwich,30,33,31,2,6.06,40
2024-05-11,Saturday,True,False,True,534,34.4,Tea,47,44,44,0,0.0,8
2024-05-11,Saturday,True,False,True,534,34.4,Coffee,26,29,26,3,10.34,15
2024-05-11,Saturday,True,False,True,534,34.4,Cold Drink,58,51,51,0,0.0,20
2024-05-11,Saturday,True,False,True,534,34.4,Veg Puff,33,44,33,11,25.0,18
2024-05-11,Saturday,True,False,True,534,34.4,Maggi,34,41,36,5,12.2,30
2024-05-12,Sunday,True,False,True,526,33.7,Samosa,76,97,78,19,19.59,12
2024-05-12,Sunday,True,False,True,526,33.7,Vada Pav,26,24,24,0,0.0,15
2024-05-12,Sunday,True,False,True,526,33.7,Sandwich,36,38,36,2,5.26,40
2024-05-12,Sunday,True,False,True,526,33.7,Tea,69,86,65,21,24.42,8
2024-05-12,Sunday,True,False,True,526,33.7,Coffee,32,32,31,1,3.12,15
2024-05-12,Sunday,True,False,True,526,33.7,Cold Drink,49,52,45,7,13.46,20
2024-05-12,Sunday,True,False,True,526,33.7,Veg Puff,29,30,24,6,20.0,18
2024-05-12,Sunday,True,False,True,526,33.7,Maggi,39,51,38,13,25.49,30
2024-05-13,Monday,False,False,True,801,30.5,Samosa,111,159,111,48,30.19,12
2024-05-13,Monday,False,False,True,801,30.5,Vada Pav,81,95,75,20,21.05,15
2024-05-13,Monday,False,False,True,801,30.5,Sandwich,60,70,58,12,17.14,40
2024-05-13,Monday,False,False,True,801,30.5,Tea,91,103,90,13,12.62,8
2024-05-13,Monday,False,False,True,801,30.5,Coffee,70,69,67,2,2.9,15
2024-05-13,Monday,False,False,True,801,30.5,Cold Drink,75,97,67,30,30.93,20
2024-05-13,Monday,False,False,True,801,30.5,Veg Puff,65,88,64,24,27.27,18
2024-05-13,Monday,False,False,True,801,30.5,Maggi,32,35,31,4,11.43,30
2024-05-14,Tuesday,False,False,True,698,32.5,Samosa,97,121,92,29,23.97,12
2024-05-14,Tuesday,False,False,True,698,32.5,Vada Pav,47,51,46,5,9.8,15
2024-05-14,Tuesday,False,False,True,698,32.5,Sandwich,60,64,61,3,4.69,40
2024-05-14,Tuesday,False,False,True,698,32.5,Tea,105,133,104,29,21.8,8
2024-05-14,Tuesday,False,False,True,698,32.5,Coffee,54,59,57,2,3.39,15
2024-05-14,Tuesday,False,False,True,698,32.5,Cold Drink,75,86,75,11,12.79,20
2024-05-14,Tuesday,False,False,True,698,32.5,Veg Puff,45,42,42,0,0.0,18
2024-05-14,Tuesday,False,False,True,698,32.5,Maggi,42,51,40,11,21.57,30
2024-05-15,Wednesday,False,False,True,922,31.4,Samosa,125,110,110,0,0.0,12
2024-05-15,Wednesday,False,False,True,922,31.4,Vada Pav,87,89,88,1,1.12,15
2024-05-15,Wednesday,False,False,True,922,31.4,Sandwich,84,68,68,0,0.0,40
2024-05-15,Wednesday,False,False,True,922,31.4,Tea,68,68,68,0,0.0,8
2024-05-15,Wednesday,False,False,True,922,31.4,Coffee,71,69,69,0,0.0,15
2024-05-15,Wednesday,False,False,True,922,31.4,Cold Drink,121,105,105,0,0.0,20
2024-05-15,Wednesday,False,False,True,922,31.4,Veg Puff,76,108,75,33,30.56,18
2024-05-15,Wednesday,False,False,True,922,31.4,Maggi,48,70,51,19,27.14,30
2024-05-16,Thursday,False,False,True,867,31.6,Samosa,97,109,98,11,10.09,12
2024-05-16,Thursday,False,False,True,867,31.6,Vada Pav,91,116,86,30,25.86,15
2024-05-16,Thursday,False,False,True,867,31.6,Sandwich,81,96,83,13,13.54,40
2024-05-16,Thursday,False,False,True,867,31.6,Tea,120,117,117,0,0.0,8
2024-05-16,Thursday,False,False,True,867,31.6,Coffee,66,60,60,0,0.0,15
2024-05-16,Thursday,False,False,True,867,31.6,Cold Drink,120,104,104,0,0.0,20
2024-05-16,Thursday,False,False,True,867,31.6,Veg Puff,66,77,65,12,15.58,18
2024-05-16,Thursday,False,False,True,867,31.6,Maggi,44,52,42,10,19.23,30
2024-05-17,Friday,False,False,True,581,37.6,Samosa,77,89,77,12,13.48,12
2024-05-17,Friday,False,False,True,581,37.6,Vada Pav,62,73,64,9,12.33,15
2024-05-17,Friday,False,False,True,581,37.6,Sandwich,44,59,44,15,25.42,40
2024-05-17,Friday,False,False,True,581,37.6,Tea,54,51,51,0,0.0,8
2024-05-17,Friday,False,False,True,581,37.6,Coffee,28,29,26,3,10.34,15
2024-05-17,Friday,False,False,True,581,37.6,Cold Drink,70,102,74,28,27.45,20
2024-05-17,Friday,False,False,True,581,37.6,Veg Puff,55,53,53,0,0.0,18
2024-05-17,Friday,False,False,True,581,37.6,Maggi,27,28,25,3,10.71,30
2024-05-18,Saturday,True,False,True,561,32.8,Samosa,65,80,72,8,10.0,12
2024-05-18,Saturday,True,False,True,561,32.8,Vada Pav,27,36,28,8,22.22,15
2024-05-18,Saturday,True,False,True,561,32.8,Sandwich,28,36,28,8,22.22,40
2024-05-18,Saturday,True,False,True,561,32.8,Tea,46,47,44,3,6.38,8
2024-05-18,Saturday,True,False,True,561,32.8,Coffee,59,67,61,6,8.96,15
2024-05-18,Saturday,True,False,True,561,32.8,Cold Drink,47,48,48,0,0.0,20
2024-05-18,Saturday,True,False,True,561,32.8,Veg Puff,22,23,22,1,4.35,18
2024-05-18,Saturday,True,False,True,561,32.8,Maggi,29,32,29,3,9.38,30
2024-05-19,Sunday,True,False,True,534,36.2,Samosa,38,42,40,2,4.76,12
2024-05-19,Sunday,True,False,True,534,36.2,Vada Pav,47,44,44,0,0.0,15
2024-05-19,Sunday,True,False,True,534,36.2,Sandwich,18,20,19,1,5.0,40
2024-05-19,Sunday,True,False,True,534,36.2,Tea,27,27,27,0,0.0,8
2024-05-19,Sunday,True,False,True,534,36.2,Coffee,13,13,13,0,0.0,15
2024-05-19,Sunday,True,False,True,534,36.2,Cold Drink,52,57,53,4,7.02,20
2024-05-19,Sunday,True,False,True,534,36.2,Veg Puff,34,40,33,7,17.5,18
2024-05-19,Sunday,True,False,True,534,36.2,Maggi,29,32,29,3,9.38,30
2024-05-20,Monday,False,False,True,750,33.5,Samosa,73,83,70,13,15.66,12
2024-05-20,Monday,False,False,True,750,33.5,Vada Pav,56,66,56,10,15.15,15
2024-05-20,Monday,False,False,True,750,33.5,Sandwich,66,71,67,4,5.63,40
2024-05-20,Monday,False,False,True,750,33.5,Tea,87,105,83,22,20.95,8
2024-05-20,Monday,False,False,True,750,33.5,Coffee,59,71,59,12,16.9,15
2024-05-20,Monday,False,False,True,750,33.5,Cold Drink,71,83,78,5,6.02,20
2024-05-20,Monday,False,False,True,750,33.5,Veg Puff,50,52,50,2,3.85,18
2024-05-20,Monday,False,False,True,750,33.5,Maggi,48,63,44,19,30.16,30
2024-05-21,Tuesday,False,False,True,873,35.8,Samosa,97,116,101,15,12.93,12
2024-05-21,Tuesday,False,False,True,873,35.8,Vada Pav,86,84,84,0,0.0,15
2024-05-21,Tuesday,False,False,True,873,35.8,Sandwich,69,80,69,11,13.75,40
2024-05-21,Tuesday,False,False,True,873,35.8,Tea,81,107,80,27,25.23,8
2024-05-21,Tuesday,False,False,True,873,35.8,Coffee,49,53,49,4,7.55,15
2024-05-21,Tuesday,False,False,True,873,35.8,Cold Drink,125,155,119,36,23.23,20
2024-05-21,Tuesday,False,False,True,873,35.8,Veg Puff,80,95,85,10,10.53,18
2024-05-21,Tuesday,False,False,True,873,35.8,Maggi,52,63,54,9,14.29,30
2024-05-22,Wednesday,False,False,True,921,37.2,Samosa,114,125,110,15,12.0,12
2024-05-22,Wednesday,False,False,True,921,37.2,Vada Pav,85,109,84,25,22.94,15
2024-05-22,Wednesday,False,False,True,921,37.2,Sandwich,82,112,78,34,30.36,40
2024-05-22,Wednesday,False,False,True,921,37.2,Tea,70,79,71,8,10.13,8
2024-05-22,Wednesday,False,False,True,921,37.2,Coffee,54,73,55,18,24.66,15
2024-05-22,Wednesday,False,False,True,921,37.2,Cold Drink,126,117,117,0,0.0,20
2024-05-22,Wednesday,False,False,True,921,37.2,Veg Puff,67,55,55,0,0.0,18
2024-05-22,Wednesday,False,False,True,921,37.2,Maggi,55,90,61,29,32.22,30
2024-05-23,Thursday,False,False,True,781,33.7,Samosa,100,140,91,49,35.0,12
2024-05-23,Thursday,False,False,True,781,33.7,Vada Pav,53,56,54,2,3.57,15
2024-05-23,Thursday,False,False,True,781,33.7,Sandwich,66,86,62,24,27.91,40
2024-05-23,Thursday,False,False,True,781,33.7,Tea,47,60,45,15,25.0,8
2024-05-23,Thursday,False,False,True,781,33.7,Coffee,37,43,38,5,11.63,15
2024-05-23,Thursday,False,False,True,781,33.7,Cold Drink,94,101,93,8,7.92,20
2024-05-23,Thursday,False,False,True,781,33.7,Veg Puff,52,49,49,0,0.0,18
2024-05-23,Thursday,False,False,True,781,33.7,Maggi,51,61,51,10,16.39,30
2024-05-24,Friday,False,False,True,700,33.5,Samosa,53,62,56,6,9.68,12
2024-05-24,Friday,False,False,True,700,33.5,Vada Pav,48,50,48,2,4.0,15
2024-05-24,Friday,False,False,True,700,33.5,Sandwich,66,71,63,8,11.27,40
2024-05-24,Friday,False,False,True,700,33.5,Tea,44,51,48,3,5.88,8
2024-05-24,Friday,False,False,True,700,33.5,Coffee,57,65,57,8,12.31,15
2024-05-24,Friday,False,False,True,700,33.5,Cold Drink,84,86,86,0,0.0,20
2024-05-24,Friday,False,False,True,700,33.5,Veg Puff,51,58,48,10,17.24,18
2024-05-24,Friday,False,False,True,700,33.5,Maggi,51,63,49,14,22.22,30
2024-05-25,Saturday,True,False,True,550,32.5,Samosa,41,42,37,5,11.9,12
2024-05-25,Saturday,True,False,True,550,32.5,Vada Pav,45,39,39,0,0.0,15
2024-05-25,Saturday,True,False,True,550,32.5,Sandwich,18,20,17,3,15.0,40
2024-05-25,Saturday,True,False,True,550,32.5,Tea,44,43,41,2,4.65,8
2024-05-25,Saturday,True,False,True,550,32.5,Coffee,41,43,41,2,4.65,15
2024-05-25,Saturday,True,False,True,550,32.5,Cold Drink,44,51,46,5,9.8,20
2024-05-25,Saturday,True,False,True,550,32.5,Veg Puff,36,39,36,3,7.69,18
2024-05-25,Saturday,True,False,True,550,32.5,Maggi,26,29,25,4,13.79,30
2024-05-26,Sunday,True,False,True,491,34.6,Samosa,33,32,30,2,6.25,12
2024-05-26,Sunday,True,False,True,491,34.6,Vada Pav,21,20,20,0,0.0,15
2024-05-26,Sunday,True,False,True,491,34.6,Sandwich,24,29,24,5,17.24,40
2024-05-26,Sunday,True,False,True,491,34.6,Tea,11,13,11,2,15.38,8
2024-05-26,Sunday,True,False,True,491,34.6,Coffee,18,21,17,4,19.05,15
2024-05-26,Sunday,True,False,True,491,34.6,Cold Drink,51,48,46,2,4.17,20
2024-05-26,Sunday,True,False,True,491,34.6,Veg Puff,25,28,24,4,14.29,18
2024-05-26,Sunday,True,False,True,491,34.6,Maggi,17,18,17,1,5.56,30
2024-05-27,Monday,False,False,True,795,34.5,Samosa,82,108,77,31,28.7,12
2024-05-27,Monday,False,False,True,795,34.5,Vada Pav,75,99,76,23,23.23,15
2024-05-27,Monday,False,False,True,795,34.5,Sandwich,62,66,65,1,1.52,40
2024-05-27,Monday,False,False,True,795,34.5,Tea,59,59,57,2,3.39,8
2024-05-27,Monday,False,False,True,795,34.5,Coffee,72,86,68,18,20.93,15
2024-05-27,Monday,False,False,True,795,34.5,Cold Drink,97,102,93,9,8.82,20
2024-05-27,Monday,False,False,True,795,34.5,Veg Puff,63,59,59,0,0.0,18
2024-05-27,Monday,False,False,True,795,34.5,Maggi,54,70,52,18,25.71,30
2024-05-28,Tuesday,False,False,True,785,29.7,Samosa,82,100,87,13,13.0,12
2024-05-28,Tuesday,False,False,True,785,29.7,Vada Pav,59,64,58,6,9.38,15
2024-05-28,Tuesday,False,False,True,785,29.7,Sandwich,51,63,49,14,22.22,40
2024-05-28,Tuesday,False,False,True,785,29.7,Tea,92,99,88,11,11.11,8
2024-05-28,Tuesday,False,False,True,785,29.7,Coffee,69,77,67,10,12.99,15
2024-05-28,Tuesday,False,False,True,785,29.7,Cold Drink,75,89,81,8,8.99,20
2024-05-28,Tuesday,False,False,True,785,29.7,Veg Puff,56,72,52,20,27.78,18
2024-05-28,Tuesday,False,False,True,785,29.7,Maggi,49,48,45,3,6.25,30
2024-05-29,Wednesday,False,False,True,726,37.6,Samosa,93,110,85,25,22.73,12
2024-05-29,Wednesday,False,False,True,726,37.6,Vada Pav,63,75,63,12,16.0,15
2024-05-29,Wednesday,False,False,True,726,37.6,Sandwich,42,42,41,1,2.38,40
2024-05-29,Wednesday,False,False,True,726,37.6,Tea,72,59,59,0,0.0,8
2024-05-29,Wednesday,False,False,True,726,37.6,Coffee,48,61,49,12,19.67,15
2024-05-29,Wednesday,False,False,True,726,37.6,Cold Drink,105,108,94,14,12.96,20
2024-05-29,Wednesday,False,False,True,726,37.6,Veg Puff,48,62,51,11,17.74,18
2024-05-29,Wednesday,False,False,True,726,37.6,Maggi,49,59,49,10,16.95,30
2024-05-30,Thursday,False,False,True,744,33.6,Samosa,104,104,104,0,0.0,12
2024-05-30,Thursday,False,False,True,744,33.6,Vada Pav,63,84,58,26,30.95,15
2024-05-30,Thursday,False,False,True,744,33.6,Sandwich,64,66,59,7,10.61,40
2024-05-30,Thursday,False,False,True,744,33.6,Tea,81,105,77,28,26.67,8
2024-05-30,Thursday,False,False,True,744,33.6,Coffee,40,45,39,6,13.33,15
2024-05-30,Thursday,False,False,True,744,33.6,Cold Drink,95,122,94,28,22.95,20
2024-05-30,Thursday,False,False,True,744,33.6,Veg Puff,66,78,64,14,17.95,18
2024-05-30,Thursday,False,False,True,744,33.6,Maggi,35,38,34,4,10.53,30
2024-05-31,Friday,False,False,True,896,35.4,Samosa,87,102,89,13,12.75,12
2024-05-31,Friday,False,False,True,896,35.4,Vada Pav,94,120,97,23,19.17,15
2024-05-31,Friday,False,False,True,896,35.4,Sandwich,72,86,76,10,11.63,40
2024-05-31,Friday,False,False,True,896,35.4,Tea,67,73,64,9,12.33,8
2024-05-31,Friday,False,False,True,896,35.4,Coffee,68,90,65,25,27.78,15
2024-05-31,Friday,False,False,True,896,35.4,Cold Drink,94,102,98,4,3.92,20
2024-05-31,Friday,False,False,True,896,35.4,Veg Puff,67,81,66,15,18.52,18
2024-05-31,Friday,False,False,True,896,35.4,Maggi,46,56,44,12,21.43,30
2024-06-01,Saturday,True,False,False,609,29.1,Samosa,49,51,48,3,5.88,12
2024-06-01,Saturday,True,False,False,609,29.1,Vada Pav,42,55,42,13,23.64,15
2024-06-01,Saturday,True,False,False,609,29.1,Sandwich,34,48,34,14,29.17,40
2024-06-01,Saturday,True,False,False,609,29.1,Tea,73,77,74,3,3.9,8
2024-06-01,Saturday,True,False,False,609,29.1,Coffee,49,42,42,0,0.0,15
2024-06-01,Saturday,True,False,False,609,29.1,Cold Drink,63,68,59,9,13.24,20
2024-06-01,Saturday,True,False,False,609,29.1,Veg Puff,38,44,38,6,13.64,18
2024-06-01,Saturday,True,False,False,609,29.1,Maggi,32,39,34,5,12.82,30
2024-06-02,Sunday,True,False,False,528,25.9,Samosa,65,90,75,15,16.67,12
2024-06-02,Sunday,True,False,False,528,25.9,Vada Pav,28,33,25,8,24.24,15
2024-06-02,Sunday,True,False,False,528,25.9,Sandwich,39,41,41,0,0.0,40
2024-06-02,Sunday,True,False,False,528,25.9,Tea,48,43,43,0,0.0,8
2024-06-02,Sunday,True,False,False,528,25.9,Coffee,22,27,19,8,29.63,15
2024-06-02,Sunday,True,False,False,528,25.9,Cold Drink,38,31,31,0,0.0,20
2024-06-02,Sunday,True,False,False,528,25.9,Veg Puff,43,51,41,10,19.61,18
2024-06-02,Sunday,True,False,False,528,25.9,Maggi,26,29,26,3,10.34,30
2024-06-03,Monday,False,False,False,694,29.2,Samosa,60,63,58,5,7.94,12
2024-06-03,Monday,False,False,False,694,29.2,Vada Pav,79,91,73,18,19.78,15
2024-06-03,Monday,False,False,False,694,29.2,Sandwich,57,67,56,11,16.42,40
2024-06-03,Monday,False,False,False,694,29.2,Tea,92,99,95,4,4.04,8
2024-06-03,Monday,False,False,False,694,29.2,Coffee,68,77,75,2,2.6,15
2024-06-03,Monday,False,False,False,694,29.2,Cold Drink,71,61,61,0,0.0,20
2024-06-03,Monday,False,False,False,694,29.2,Veg Puff,52,57,49,8,14.04,18
2024-06-03,Monday,False,False,False,694,29.2,Maggi,48,66,49,17,25.76,30
2024-06-04,Tuesday,False,False,False,1029,25.2,Samosa,123,89,89,0,0.0,12
2024-06-04,Tuesday,False,False,False,1029,25.2,Vada Pav,117,143,115,28,19.58,15
2024-06-04,Tuesday,False,False,False,1029,25.2,Sandwich,96,100,96,4,4.0,40
2024-06-04,Tuesday,False,False,False,1029,25.2,Tea,182,165,165,0,0.0,8
2024-06-04,Tuesday,False,False,False,1029,25.2,Coffee,135,146,139,7,4.79,15
2024-06-04,Tuesday,False,False,False,1029,25.2,Cold Drink,129,146,131,15,10.27,20
2024-06-04,Tuesday,False,False,False,1029,25.2,Veg Puff,80,94,81,13,13.83,18
2024-06-04,Tuesday,False,False,False,1029,25.2,Maggi,75,74,74,0,0.0,30
2024-06-05,Wednesday,False,False,False,1119,28.9,Samosa,160,178,165,13,7.3,12
2024-06-05,Wednesday,False,False,False,1119,28.9,Vada Pav,120,120,120,0,0.0,15
2024-06-05,Wednesday,False,False,False,1119,28.9,Sandwich,97,102,97,5,4.9,40
2024-06-05,Wednesday,False,False,False,1119,28.9,Tea,169,164,164,0,0.0,8
2024-06-05,Wednesday,False,False,False,1119,28.9,Coffee,127,132,117,15,11.36,15
2024-06-05,Wednesday,False,False,False,1119,28.9,Cold Drink,132,142,132,10,7.04,20
2024-06-05,Wednesday,False,False,False,1119,28.9,Veg Puff,90,76,76,0,0.0,18
2024-06-05,Wednesday,False,False,False,1119,28.9,Maggi,78,97,75,22,22.68,30
2024-06-06,Thursday,False,False,False,1151,24.2,Samosa,169,188,176,12,6.38,12
2024-06-06,Thursday,False,False,False,1151,24.2,Vada Pav,122,161,119,42,26.09,15
2024-06-06,Thursday,False,False,False,1151,24.2,Sandwich,99,134,98,36,26.87,40
2024-06-06,Thursday,False,False,False,1151,24.2,Tea,199,265,188,77,29.06,8
2024-06-06,Thursday,False,False,False,1151,24.2,Coffee,150,159,149,10,6.29,15
2024-06-06,Thursday,False,False,False,1151,24.2,Cold Drink,111,102,102,0,0.0,20
2024-06-06,Thursday,False,False,False,1151,24.2,Veg Puff,106,135,105,30,22.22,18
2024-06-06,Thursday,False,False,False,1151,24.2,Maggi,84,92,89,3,3.26,30
2024-06-07,Friday,False,False,False,869,28.5,Samosa,129,133,133,0,0.0,12
2024-06-07,Friday,False,False,False,869,28.5,Vada Pav,77,107,75,32,29.91,15
2024-06-07,Friday,False,False,False,869,28.5,Sandwich,80,69,69,0,0.0,40
2024-06-07,Friday,False,False,False,869,28.5,Tea,114,120,113,7,5.83,8
2024-06-07,Friday,False,False,False,869,28.5,Coffee,105,124,106,18,14.52,15
2024-06-07,Friday,False,False,False,869,28.5,Cold Drink,92,93,93,0,0.0,20
2024-06-07,Friday,False,False,False,869,28.5,Veg Puff,66,92,65,27,29.35,18
2024-06-07,Friday,False,False,False,869,28.5,Maggi,62,81,65,16,19.75,30
2024-06-08,Saturday,True,False,False,494,27.2,Samosa,45,54,47,7,12.96,12
2024-06-08,Saturday,True,False,False,494,27.2,Vada Pav,36,44,38,6,13.64,15
2024-06-08,Saturday,True,False,False,494,27.2,Sandwich,35,41,32,9,21.95,40
2024-06-08,Saturday,True,False,False,494,27.2,Tea,14,16,13,3,18.75,8
2024-06-08,Saturday,True,False,False,494,27.2,Coffee,33,39,32,7,17.95,15
2024-06-08,Saturday,True,False,False,494,27.2,Cold Drink,48,55,46,9,16.36,20
2024-06-08,Saturday,True,False,False,494,27.2,Veg Puff,36,40,36,4,10.0,18
2024-06-08,Saturday,True,False,False,494,27.2,Maggi,21,22,21,1,4.55,30
2024-06-09,Sunday,True,False,False,500,29.0,Samosa,43,37,37,0,0.0,12
2024-06-09,Sunday,True,False,False,500,29.0,Vada Pav,44,48,43,5,10.42,15
2024-06-09,Sunday,True,False,False,500,29.0,Sandwich,41,42,37,5,11.9,40
2024-06-09,Sunday,True,False,False,500,29.0,Tea,48,51,45,6,11.76,8
2024-06-09,Sunday,True,False,False,500,29.0,Coffee,35,42,34,8,19.05,15
2024-06-09,Sunday,True,False,False,500,29.0,Cold Drink,44,62,43,19,30.65,20
2024-06-09,Sunday,True,False,False,500,29.0,Veg Puff,31,33,29,4,12.12,18
2024-06-09,Sunday,True,False,False,500,29.0,Maggi,21,22,21,1,4.55,30
2024-06-10,Monday,False,False,False,1252,26.6,Samosa,161,183,164,19,10.38,12
2024-06-10,Monday,False,False,False,1252,26.6,Vada Pav,134,179,117,62,34.64,15
2024-06-10,Monday,False,False,False,1252,26.6,Sandwich,97,104,102,2,1.92,40
2024-06-10,Monday,False,False,False,1252,26.6,Tea,175,122,122,0,0.0,8
2024-06-10,Monday,False,False,False,1252,26.6,Coffee,148,145,140,5,3.45,15
2024-06-10,Monday,False,False,False,1252,26.6,Cold Drink,126,146,122,24,16.44,20
2024-06-10,Monday,False,False,False,1252,26.6,Veg Puff,108,77,77,0,0.0,18
2024-06-10,Monday,False,False,False,1252,26.6,Maggi,83,92,80,12,13.04,30
2024-06-11,Tuesday,False,False,False,1019,24.3,Samosa,136,167,148,19,11.38,12
2024-06-11,Tuesday,False,False,False,1019,24.3,Vada Pav,102,122,92,30,24.59,15
2024-06-11,Tuesday,False,False,False,1019,24.3,Sandwich,75,95,74,21,22.11,40
2024-06-11,Tuesday,False,False,False,1019,24.3,Tea,191,180,180,0,0.0,8
2024-06-11,Tuesday,False,False,False,1019,24.3,Coffee,147,178,149,29,16.29,15
2024-06-11,Tuesday,False,False,False,1019,24.3,Cold Drink,98,89,89,0,0.0,20
2024-06-11,Tuesday,False,False,False,1019,24.3,Veg Puff,80,98,73,25,25.51,18
2024-06-11,Tuesday,False,False,False,1019,24.3,Maggi,65,88,63,25,28.41,30
2024-06-12,Wednesday,False,False,False,1117,27.8,Samosa,126,161,122,39,24.22,12
2024-06-12,Wednesday,False,False,False,1117,27.8,Vada Pav,124,143,114,29,20.28,15
2024-06-12,Wednesday,False,False,False,1117,27.8,Sandwich,106,156,108,48,30.77,40
2024-06-12,Wednesday,False,False,False,1117,27.8,Tea,169,221,170,51,23.08,8
2024-06-12,Wednesday,False,False,False,1117,27.8,Coffee,127,125,125,0,0.0,15
2024-06-12,Wednesday,False,False,False,1117,27.8,Cold Drink,136,139,139,0,0.0,20
2024-06-12,Wednesday,False,False,False,1117,27.8,Veg Puff,92,93,93,0,0.0,18
2024-06-12,Wednesday,False,False,False,1117,27.8,Maggi,78,98,76,22,22.45,30
2024-06-13,Thursday,False,False,False,891,29.0,Samosa,122,103,103,0,0.0,12
2024-06-13,Thursday,False,False,False,891,29.0,Vada Pav,102,115,99,16,13.91,15
2024-06-13,Thursday,False,False,False,891,29.0,Sandwich,72,71,64,7,9.86,40
2024-06-13,Thursday,False,False,False,891,29.0,Tea,129,136,122,14,10.29,8
2024-06-13,Thursday,False,False,False,891,29.0,Coffee,95,114,104,10,8.77,15
2024-06-13,Thursday,False,False,False,891,29.0,Cold Drink,93,123,97,26,21.14,20
2024-06-13,Thursday,False,False,False,891,29.0,Veg Puff,68,80,66,14,17.5,18
2024-06-13,Thursday,False,False,False,891,29.0,Maggi,65,89,66,23,25.84,30
2024-06-14,Friday,False,False,False,976,27.1,Samosa,112,125,118,7,5.6,12
2024-06-14,Friday,False,False,False,976,27.1,Vada Pav,88,87,87,0,0.0,15
2024-06-14,Friday,False,False,False,976,27.1,Sandwich,83,85,81,4,4.71,40
2024-06-14,Friday,False,False,False,976,27.1,Tea,131,131,131,0,0.0,8
2024-06-14,Friday,False,False,False,976,27.1,Coffee,97,88,88,0,0.0,15
2024-06-14,Friday,False,False,False,976,27.1,Cold Drink,114,127,111,16,12.6,20
2024-06-14,Friday,False,False,False,976,27.1,Veg Puff,81,71,71,0,0.0,18
2024-06-14,Friday,False,False,False,976,27.1,Maggi,72,78,75,3,3.85,30
2024-06-15,Saturday,True,False,False,443,30.3,Samosa,43,47,42,5,10.64,12
2024-06-15,Saturday,True,False,False,443,30.3,Vada Pav,31,41,29,12,29.27,15
2024-06-15,Saturday,True,False,False,443,30.3,Sandwich,22,28,21,7,25.0,40
2024-06-15,Saturday,True,False,False,443,30.3,Tea,57,80,55,25,31.25,8
2024-06-15,Saturday,True,False,False,443,30.3,Coffee,39,38,38,0,0.0,15
2024-06-15,Saturday,True,False,False,443,30.3,Cold Drink,40,48,38,10,20.83,20
2024-06-15,Saturday,True,False,False,443,30.3,Veg Puff,13,15,10,5,33.33,18
2024-06-15,Saturday,True,False,False,443,30.3,Maggi,20,25,20,5,20.0,30
2024-06-16,Sunday,True,False,False,597,30.1,Samosa,47,54,46,8,14.81,12
2024-06-16,Sunday,True,False,False,597,30.1,Vada Pav,29,29,28,1,3.45,15
2024-06-16,Sunday,True,False,False,597,30.1,Sandwich,22,25,21,4,16.0,40
2024-06-16,Sunday,True,False,False,597,30.1,Tea,34,41,35,6,14.63,8
2024-06-16,Sunday,True,False,False,597,30.1,Coffee,45,49,46,3,6.12,15
2024-06-16,Sunday,True,False,False,597,30.1,Cold Drink,58,69,55,14,20.29,20
2024-06-16,Sunday,True,False,False,597,30.1,Veg Puff,36,47,34,13,27.66,18
2024-06-16,Sunday,True,False,False,597,30.1,Maggi,43,46,43,3,6.52,30
2024-06-17,Monday,False,False,False,799,28.4,Samosa,85,90,80,10,11.11,12
2024-06-17,Monday,False,False,False,799,28.4,Vada Pav,85,110,87,23,20.91,15
2024-06-17,Monday,False,False,False,799,28.4,Sandwich,55,80,55,25,31.25,40
2024-06-17,Monday,False,False,False,799,28.4,Tea,107,125,107,18,14.4,8
2024-06-17,Monday,False,False,False,799,28.4,Coffee,80,94,77,17,18.09,15
2024-06-17,Monday,False,False,False,799,28.4,Cold Drink,90,94,83,11,11.7,20
2024-06-17,Monday,False,False,False,799,28.4,Veg Puff,67,82,68,14,17.07,18
2024-06-17,Monday,False,False,False,799,28.4,Maggi,63,75,61,14,18.67,30
2024-06-18,Tuesday,False,False,False,1025,25.3,Samosa,125,125,125,0,0.0,12
2024-06-18,Tuesday,False,False,False,1025,25.3,Vada Pav,117,143,123,20,13.99,15
2024-06-18,Tuesday,False,False,False,1025,25.3,Sandwich,89,107,88,19,17.76,40
2024-06-18,Tuesday,False,False,False,1025,25.3,Tea,182,206,178,28,13.59,8
2024-06-18,Tuesday,False,False,False,1025,25.3,Coffee,130,166,125,41,24.7,15
2024-06-18,Tuesday,False,False,False,1025,25.3,Cold Drink,103,102,90,12,11.76,20
2024-06-18,Tuesday,False,False,False,1025,25.3,Veg Puff,86,106,87,19,17.92,18
2024-06-18,Tuesday,False,False,False,1025,25.3,Maggi,61,66,54,12,18.18,30
2024-06-19,Wednesday,False,False,False,1105,25.8,Samosa,162,209,154,55,26.32,12
2024-06-19,Wednesday,False,False,False,1105,25.8,Vada Pav,105,126,100,26,20.63,15
2024-06-19,Wednesday,False,False,False,1105,25.8,Sandwich,105,113,95,18,15.93,40
2024-06-19,Wednesday,False,False,False,1105,25.8,Tea,146,172,141,31,18.02,8
2024-06-19,Wednesday,False,False,False,1105,25.8,Coffee,125,156,132,24,15.38,15
2024-06-19,Wednesday,False,False,False,1105,25.8,Cold Drink,112,123,114,9,7.32,20
2024-06-19,Wednesday,False,False,False,1105,25.8,Veg Puff,81,95,83,12,12.63,18
2024-06-19,Wednesday,False,False,False,1105,25.8,Maggi,84,72,72,0,0.0,30
2024-06-20,Thursday,False,False,False,768,28.2,Samosa,108,148,105,43,29.05,12
2024-06-20,Thursday,False,False,False,768,28.2,Vada Pav,76,100,77,23,23.0,15
2024-06-20,Thursday,False,False,False,768,28.2,Sandwich,83,99,78,21,21.21,40
2024-06-20,Thursday,False,False,False,768,28.2,Tea,95,87,87,0,0.0,8
2024-06-20,Thursday,False,False,False,768,28.2,Coffee,97,138,101,37,26.81,15
2024-06-20,Thursday,False,False,False,768,28.2,Cold Drink,99,105,93,12,11.43,20
2024-06-20,Thursday,False,False,False,768,28.2,Veg Puff,70,84,70,14,16.67,18
2024-06-20,Thursday,False,False,False,768,28.2,Maggi,57,68,60,8,11.76,30
2024-06-21,Friday,False,False,False,1094,29.1,Samosa,156,191,152,39,20.42,12
2024-06-21,Friday,False,False,False,1094,29.1,Vada Pav,122,114,114,0,0.0,15
2024-06-21,Friday,False,False,False,1094,29.1,Sandwich,93,110,89,21,19.09,40
2024-06-21,Friday,False,False,False,1094,29.1,Tea,168,192,154,38,19.79,8
2024-06-21,Friday,False,False,False,1094,29.1,Coffee,121,128,126,2,1.56,15
2024-06-21,Friday,False,False,False,1094,29.1,Cold Drink,131,158,124,34,21.52,20
2024-06-21,Friday,False,False,False,1094,29.1,Veg Puff,86,92,89,3,3.26,18
2024-06-21,Friday,False,False,False,1094,29.1,Maggi,89,91,91,0,0.0,30
2024-06-22,Saturday,True,False,False,391,25.6,Samosa,24,22,22,0,0.0,12
2024-06-22,Saturday,True,False,False,391,25.6,Vada Pav,32,35,32,3,8.57,15
2024-06-22,Saturday,True,False,False,391,25.6,Sandwich,31,36,32,4,11.11,40
2024-06-22,Saturday,True,False,False,391,25.6,Tea,43,41,41,0,0.0,8
2024-06-22,Saturday,True,False,False,391,25.6,Coffee,26,26,25,1,3.85,15
2024-06-22,Saturday,True,False,False,391,25.6,Cold Drink,19,20,19,1,5.0,20
2024-06-22,Saturday,True,False,False,391,25.6,Veg Puff,25,25,24,1,4.0,18
2024-06-22,Saturday,True,False,False,391,25.6,Maggi,26,31,28,3,9.68,30
2024-06-23,Sunday,True,False,False,559,30.3,Samosa,35,44,34,10,22.73,12
2024-06-23,Sunday,True,False,False,559,30.3,Vada Pav,36,42,37,5,11.9,15
2024-06-23,Sunday,True,False,False,559,30.3,Sandwich,41,41,41,0,0.0,40
2024-06-23,Sunday,True,False,False,559,30.3,Tea,45,53,44,9,16.98,8
2024-06-23,Sunday,True,False,False,559,30.3,Coffee,37,46,35,11,23.91,15
2024-06-23,Sunday,True,False,False,559,30.3,Cold Drink,66,57,57,0,0.0,20
2024-06-23,Sunday,True,False,False,559,30.3,Veg Puff,35,43,34,9,20.93,18
2024-06-23,Sunday,True,False,False,559,30.3,Maggi,27,32,26,6,18.75,30
2024-06-24,Monday,False,False,False,1108,29.7,Samosa,158,158,157,1,0.63,12
2024-06-24,Monday,False,False,False,1108,29.7,Vada Pav,114,113,113,0,0.0,15
2024-06-24,Monday,False,False,False,1108,29.7,Sandwich,100,124,94,30,24.19,40
2024-06-24,Monday,False,False,False,1108,29.7,Tea,184,186,186,0,0.0,8
2024-06-24,Monday,False,False,False,1108,29.7,Coffee,125,133,130,3,2.26,15
2024-06-24,Monday,False,False,False,1108,29.7,Cold Drink,125,170,125,45,26.47,20
2024-06-24,Monday,False,False,False,1108,29.7,Veg Puff,87,96,90,6,6.25,18
2024-06-24,Monday,False,False,False,1108,29.7,Maggi,76,78,75,3,3.85,30
2024-06-25,Tuesday,False,False,False,723,31.6,Samosa,89,113,89,24,21.24,12
2024-06-25,Tuesday,False,False,False,723,31.6,Vada Pav,66,75,68,7,9.33,15
2024-06-25,Tuesday,False,False,False,723,31.6,Sandwich,66,87,69,18,20.69,40
2024-06-25,Tuesday,False,False,False,723,31.6,Tea,110,118,104,14,11.86,8
2024-06-25,Tuesday,False,False,False,723,31.6,Coffee,64,75,65,10,13.33,15
2024-06-25,Tuesday,False,False,False,723,31.6,Cold Drink,76,87,76,11,12.64,20
2024-06-25,Tuesday,False,False,False,723,31.6,Veg Puff,58,77,59,18,23.38,18
2024-06-25,Tuesday,False,False,False,723,31.6,Maggi,60,67,62,5,7.46,30
2024-06-26,Wednesday,False,False,False,1145,30.6,Samosa,139,154,136,18,11.69,12
2024-06-26,Wednesday,False,False,False,1145,30.6,Vada Pav,125,156,119,37,23.72,15
2024-06-26,Wednesday,False,False,False,1145,30.6,Sandwich,108,91,91,0,0.0,40
2024-06-26,Wednesday,False,False,False,1145,30.6,Tea,150,173,147,26,15.03,8
2024-06-26,Wednesday,False,False,False,1145,30.6,Coffee,128,92,92,0,0.0,15
2024-06-26,Wednesday,False,False,False,1145,30.6,Cold Drink,145,156,156,0,0.0,20
2024-06-26,Wednesday,False,False,False,1145,30.6,Veg Puff,88,111,89,22,19.82,18
2024-06-26,Wednesday,False,False,False,1145,30.6,Maggi,90,94,86,8,8.51,30
2024-06-27,Thursday,False,False,False,1064,28.9,Samosa,123,131,125,6,4.58,12
2024-06-27,Thursday,False,False,False,1064,28.9,Vada Pav,120,125,102,23,18.4,15
2024-06-27,Thursday,False,False,False,1064,28.9,Sandwich,104,100,93,7,7.0,40
2024-06-27,Thursday,False,False,False,1064,28.9,Tea,114,145,114,31,21.38,8
2024-06-27,Thursday,False,False,False,1064,28.9,Coffee,112,152,115,37,24.34,15
2024-06-27,Thursday,False,False,False,1064,28.9,Cold Drink,141,132,132,0,0.0,20
2024-06-27,Thursday,False,False,False,1064,28.9,Veg Puff,76,84,75,9,10.71,18
2024-06-27,Thursday,False,False,False,1064,28.9,Maggi,80,92,82,10,10.87,30
2024-06-28,Friday,False,False,False,1005,32.3,Samosa,130,131,131,0,0.0,12
2024-06-28,Friday,False,False,False,1005,32.3,Vada Pav,98,134,96,38,28.36,15
2024-06-28,Friday,False,False,False,1005,32.3,Sandwich,90,97,93,4,4.12,40
2024-06-28,Friday,False,False,False,1005,32.3,Tea,128,134,134,0,0.0,8
2024-06-28,Friday,False,False,False,1005,32.3,Coffee,86,99,88,11,11.11,15
2024-06-28,Friday,False,False,False,1005,32.3,Cold Drink,122,149,115,34,22.82,20
2024-06-28,Friday,False,False,False,1005,32.3,Veg Puff,89,89,89,0,0.0,18
2024-06-28,Friday,False,False,False,1005,32.3,Maggi,79,101,79,22,21.78,30
2024-06-29,Saturday,True,False,False,488,26.8,Samosa,63,65,59,6,9.23,12
2024-06-29,Saturday,True,False,False,488,26.8,Vada Pav,42,43,40,3,6.98,15
2024-06-29,Saturday,True,False,False,488,26.8,Sandwich,19,20,18,2,10.0,40
2024-06-29,Saturday,True,False,False,488,26.8,Tea,57,73,58,15,20.55,8
2024-06-29,Saturday,True,False,False,488,26.8,Coffee,37,41,37,4,9.76,15
2024-06-29,Saturday,True,False,False,488,26.8,Cold Drink,48,56,46,10,17.86,20
2024-06-29,Saturday,True,False,False,488,26.8,Veg Puff,21,19,19,0,0.0,18
2024-06-29,Saturday,True,False,False,488,26.8,Maggi,28,34,27,7,20.59,30
2024-06-30,Sunday,True,False,False,570,27.0,Samosa,64,73,62,11,15.07,12
2024-06-30,Sunday,True,False,False,570,27.0,Vada Pav,47,56,47,9,16.07,15
2024-06-30,Sunday,True,False,False,570,27.0,Sandwich,38,43,42,1,2.33,40
2024-06-30,Sunday,True,False,False,570,27.0,Tea,80,100,80,20,20.0,8
2024-06-30,Sunday,True,False,False,570,27.0,Coffee,56,68,56,12,17.65,15
2024-06-30,Sunday,True,False,False,570,27.0,Cold Drink,41,46,34,12,26.09,20
2024-06-30,Sunday,True,False,False,570,27.0,Veg Puff,34,36,36,0,0.0,18
2024-06-30,Sunday,True,False,False,570,27.0,Maggi,28,27,27,0,0.0,30
2024-07-01,Monday,False,False,False,743,28.9,Samosa,102,131,97,34,25.95,12
2024-07-01,Monday,False,False,False,743,28.9,Vada Pav,78,73,73,0,0.0,15
2024-07-01,Monday,False,False,False,743,28.9,Sandwich,74,90,74,16,17.78,40
2024-07-01,Monday,False,False,False,743,28.9,Tea,115,159,113,46,28.93,8
2024-07-01,Monday,False,False,False,743,28.9,Coffee,81,79,77,2,2.53,15
2024-07-01,Monday,False,False,False,743,28.9,Cold Drink,89,117,87,30,25.64,20
2024-07-01,Monday,False,False,False,743,28.9,Veg Puff,60,65,58,7,10.77,18
2024-07-01,Monday,False,False,False,743,28.9,Maggi,55,50,50,0,0.0,30
2024-07-02,Tuesday,False,False,False,800,29.4,Samosa,91,113,94,19,16.81,12
2024-07-02,Tuesday,False,False,False,800,29.4,Vada Pav,88,88,88,0,0.0,15
2024-07-02,Tuesday,False,False,False,800,29.4,Sandwich,65,72,68,4,5.56,40
2024-07-02,Tuesday,False,False,False,800,29.4,Tea,127,146,120,26,17.81,8
2024-07-02,Tuesday,False,False,False,800,29.4,Coffee,91,104,80,24,23.08,15
2024-07-02,Tuesday,False,False,False,800,29.4,Cold Drink,104,119,110,9,7.56,20
2024-07-02,Tuesday,False,False,False,800,29.4,Veg Puff,58,39,39,0,0.0,18
2024-07-02,Tuesday,False,False,False,800,29.4,Maggi,59,52,52,0,0.0,30
2024-07-03,Wednesday,False,False,False,1313,27.4,Samosa,183,192,163,29,15.1,12
2024-07-03,Wednesday,False,False,False,1313,27.4,Vada Pav,136,150,133,17,11.33,15
2024-07-03,Wednesday,False,False,False,1313,27.4,Sandwich,123,146,122,24,16.44,40
2024-07-03,Wednesday,False,False,False,1313,27.4,Tea,184,225,166,59,26.22,8
2024-07-03,Wednesday,False,False,False,1313,27.4,Coffee,126,158,129,29,18.35,15
2024-07-03,Wednesday,False,False,False,1313,27.4,Cold Drink,146,137,137,0,0.0,20
2024-07-03,Wednesday,False,False,False,1313,27.4,Veg Puff,107,97,97,0,0.0,18
2024-07-03,Wednesday,False,False,False,1313,27.4,Maggi,99,135,96,39,28.89,30
2024-07-04,Thursday,False,False,False,1013,24.2,Samosa,142,146,144,2,1.37,12
2024-07-04,Thursday,False,False,False,1013,24.2,Vada Pav,104,140,99,41,29.29,15
2024-07-04,Thursday,False,False,False,1013,24.2,Sandwich,101,111,100,11,9.91,40
2024-07-04,Thursday,False,False,False,1013,24.2,Tea,170,173,169,4,2.31,8
2024-07-04,Thursday,False,False,False,1013,24.2,Coffee,126,149,126,23,15.44,15
2024-07-04,Thursday,False,False,False,1013,24.2,Cold Drink,104,134,98,36,26.87,20
2024-07-04,Thursday,False,False,False,1013,24.2,Veg Puff,90,87,87,0,0.0,18
2024-07-04,Thursday,False,False,False,1013,24.2,Maggi,77,66,66,0,0.0,30
2024-07-05,Friday,False,False,False,829,26.5,Samosa,126,132,120,12,9.09,12
2024-07-05,Friday,False,False,False,829,26.5,Vada Pav,88,110,87,23,20.91,15
2024-07-05,Friday,False,False,False,829,26.5,Sandwich,88,108,78,30,27.78,40
2024-07-05,Friday,False,False,False,829,26.5,Tea,124,132,126,6,4.55,8
2024-07-05,Friday,False,False,False,829,26.5,Coffee,67,102,68,34,33.33,15
2024-07-05,Friday,False,False,False,829,26.5,Cold Drink,90,119,100,19,15.97,20
2024-07-05,Friday,False,False,False,829,26.5,Veg Puff,75,96,75,21,21.88,18
2024-07-05,Friday,False,False,False,829,26.5,Maggi,58,62,55,7,11.29,30
2024-07-06,Saturday,True,False,False,465,25.3,Samosa,42,37,37,0,0.0,12
2024-07-06,Saturday,True,False,False,465,25.3,Vada Pav,34,39,33,6,15.38,15
2024-07-06,Saturday,True,False,False,465,25.3,Sandwich,56,75,52,23,30.67,40
2024-07-06,Saturday,True,False,False,465,25.3,Tea,57,60,54,6,10.0,8
2024-07-06,Saturday,True,False,False,465,25.3,Coffee,24,29,23,6,20.69,15
2024-07-06,Saturday,True,False,False,465,25.3,Cold Drink,41,53,43,10,18.87,20
2024-07-06,Saturday,True,False,False,465,25.3,Veg Puff,20,24,20,4,16.67,18
2024-07-06,Saturday,True,False,False,465,25.3,Maggi,20,20,20,0,0.0,30
2024-07-07,Sunday,True,False,False,511,29.3,Samosa,37,35,35,0,0.0,12
2024-07-07,Sunday,True,False,False,511,29.3,Vada Pav,36,35,35,0,0.0,15
2024-07-07,Sunday,True,False,False,511,29.3,Sandwich,19,18,18,0,0.0,40
2024-07-07,Sunday,True,False,False,511,29.3,Tea,61,66,57,9,13.64,8
2024-07-07,Sunday,True,False,False,511,29.3,Coffee,26,28,26,2,7.14,15
2024-07-07,Sunday,True,False,False,511,29.3,Cold Drink,51,54,48,6,11.11,20
2024-07-07,Sunday,True,False,False,511,29.3,Veg Puff,31,31,30,1,3.23,18
2024-07-07,Sunday,True,False,False,511,29.3,Maggi,34,43,34,9,20.93,30
2024-07-08,Monday,False,False,False,709,28.4,Samosa,107,117,114,3,2.56,12
2024-07-08,Monday,False,False,False,709,28.4,Vada Pav,87,121,88,33,27.27,15
2024-07-08,Monday,False,False,False,709,28.4,Sandwich,71,96,72,24,25.0,40
2024-07-08,Monday,False,False,False,709,28.4,Tea,98,106,99,7,6.6,8
2024-07-08,Monday,False,False,False,709,28.4,Coffee,63,71,66,5,7.04,15
2024-07-08,Monday,False,False,False,709,28.4,Cold Drink,63,86,66,20,23.26,20
2024-07-08,Monday,False,False,False,709,28.4,Veg Puff,55,67,55,12,17.91,18
2024-07-08,Monday,False,False,False,709,28.4,Maggi,59,76,54,22,28.95,30
2024-07-09,Tuesday,False,False,False,988,27.6,Samosa,132,137,137,0,0.0,12
2024-07-09,Tuesday,False,False,False,988,27.6,Vada Pav,114,118,106,12,10.17,15
2024-07-09,Tuesday,False,False,False,988,27.6,Sandwich,90,109,91,18,16.51,40
2024-07-09,Tuesday,False,False,False,988,27.6,Tea,170,215,178,37,17.21,8
2024-07-09,Tuesday,False,False,False,988,27.6,Coffee,114,107,107,0,0.0,15
2024-07-09,Tuesday,False,False,False,988,27.6,Cold Drink,121,138,124,14,10.14,20
2024-07-09,Tuesday,False,False,False,988,27.6,Veg Puff,79,78,78,0,0.0,18
2024-07-09,Tuesday,False,False,False,988,27.6,Maggi,73,76,72,4,5.26,30
2024-07-10,Wednesday,False,False,False,759,30.2,Samosa,97,132,104,28,21.21,12
2024-07-10,Wednesday,False,False,False,759,30.2,Vada Pav,79,78,70,8,10.26,15
2024-07-10,Wednesday,False,False,False,759,30.2,Sandwich,59,55,55,0,0.0,40
2024-07-10,Wednesday,False,False,False,759,30.2,Tea,108,130,96,34,26.15,8
2024-07-10,Wednesday,False,False,False,759,30.2,Coffee,65,83,65,18,21.69,15
2024-07-10,Wednesday,False,False,False,759,30.2,Cold Drink,94,116,101,15,12.93,20
2024-07-10,Wednesday,False,False,False,759,30.2,Veg Puff,61,70,61,9,12.86,18
2024-07-10,Wednesday,False,False,False,759,30.2,Maggi,70,58,58,0,0.0,30
2024-07-11,Thursday,False,False,False,882,29.1,Samosa,109,124,112,12,9.68,12
2024-07-11,Thursday,False,False,False,882,29.1,Vada Pav,122,155,116,39,25.16,15
2024-07-11,Thursday,False,False,False,882,29.1,Sandwich,79,85,71,14,16.47,40
2024-07-11,Thursday,False,False,False,882,29.1,Tea,123,154,115,39,25.32,8
2024-07-11,Thursday,False,False,False,882,29.1,Coffee,105,128,101,27,21.09,15
2024-07-11,Thursday,False,False,False,882,29.1,Cold Drink,105,145,108,37,25.52,20
2024-07-11,Thursday,False,False,False,882,29.1,Veg Puff,73,81,73,8,9.88,18
2024-07-11,Thursday,False,False,False,882,29.1,Maggi,60,50,50,0,0.0,30
2024-07-12,Friday,False,False,False,923,28.8,Samosa,122,126,120,6,4.76,12
2024-07-12,Friday,False,False,False,923,28.8,Vada Pav,82,122,76,46,37.7,15
2024-07-12,Friday,False,False,False,923,28.8,Sandwich,78,84,83,1,1.19,40
2024-07-12,Friday,False,False,False,923,28.8,Tea,136,131,131,0,0.0,8
2024-07-12,Friday,False,False,False,923,28.8,Coffee,108,132,111,21,15.91,15
2024-07-12,Friday,False,False,False,923,28.8,Cold Drink,131,193,126,67,34.72,20
2024-07-12,Friday,False,False,False,923,28.8,Veg Puff,89,107,91,16,14.95,18
2024-07-12,Friday,False,False,False,923,28.8,Maggi,55,61,52,9,14.75,30
2024-07-13,Saturday,True,False,False,541,30.1,Samosa,25,28,26,2,7.14,12
2024-07-13,Saturday,True,False,False,541,30.1,Vada Pav,38,47,38,9,19.15,15
2024-07-13,Saturday,True,False,False,541,30.1,Sandwich,38,42,35,7,16.67,40
2024-07-13,Saturday,True,False,False,541,30.1,Tea,36,45,36,9,20.0,8
2024-07-13,Saturday,True,False,False,541,30.1,Coffee,37,40,36,4,10.0,15
2024-07-13,Saturday,True,False,False,541,30.1,Cold Drink,57,62,53,9,14.52,20
2024-07-13,Saturday,True,False,False,541,30.1,Veg Puff,37,41,37,4,9.76,18
2024-07-13,Saturday,True,False,False,541,30.1,Maggi,37,42,37,5,11.9,30
2024-07-14,Sunday,True,False,False,441,27.6,Samosa,48,44,44,0,0.0,12
2024-07-14,Sunday,True,False,False,441,27.6,Vada Pav,33,38,34,4,10.53,15
2024-07-14,Sunday,True,False,False,441,27.6,Sandwich,31,42,29,13,30.95,40
2024-07-14,Sunday,True,False,False,441,27.6,Tea,49,56,46,10,17.86,8
2024-07-14,Sunday,True,False,False,441,27.6,Coffee,45,67,44,23,34.33,15
2024-07-14,Sunday,True,False,False,441,27.6,Cold Drink,39,45,37,8,17.78,20
2024-07-14,Sunday,True,False,False,441,27.6,Veg Puff,12,12,10,2,16.67,18
2024-07-14,Sunday,True,False,False,441,27.6,Maggi,33,37,32,5,13.51,30
2024-07-15,Monday,False,False,False,1033,25.8,Samosa,128,148,134,14,9.46,12
2024-07-15,Monday,False,False,False,1033,25.8,Vada Pav,113,134,113,21,15.67,15
2024-07-15,Monday,False,False,False,1033,25.8,Sandwich,100,118,94,24,20.34,40
2024-07-15,Monday,False,False,False,1033,25.8,Tea,168,166,166,0,0.0,8
2024-07-15,Monday,False,False,False,1033,25.8,Coffee,118,180,117,63,35.0,15
2024-07-15,Monday,False,False,False,1033,25.8,Cold Drink,94,106,96,10,9.43,20
2024-07-15,Monday,False,False,False,1033,25.8,Veg Puff,98,104,90,14,13.46,18
2024-07-15,Monday,False,False,False,1033,25.8,Maggi,79,74,74,0,0.0,30
2024-07-16,Tuesday,False,False,False,861,27.9,Samosa,123,128,121,7,5.47,12
2024-07-16,Tuesday,False,False,False,861,27.9,Vada Pav,90,105,90,15,14.29,15
2024-07-16,Tuesday,False,False,False,861,27.9,Sandwich,85,108,86,22,20.37,40
2024-07-16,Tuesday,False,False,False,861,27.9,Tea,137,125,125,0,0.0,8
2024-07-16,Tuesday,False,False,False,861,27.9,Coffee,101,127,97,30,23.62,15
2024-07-16,Tuesday,False,False,False,861,27.9,Cold Drink,92,97,94,3,3.09,20
2024-07-16,Tuesday,False,False,False,861,27.9,Veg Puff,79,86,82,4,4.65,18
2024-07-16,Tuesday,False,False,False,861,27.9,Maggi,62,70,61,9,12.86,30
2024-07-17,Wednesday,False,False,False,1011,28.7,Samosa,162,165,165,0,0.0,12
2024-07-17,Wednesday,False,False,False,1011,28.7,Vada Pav,101,102,100,2,1.96,15
2024-07-17,Wednesday,False,False,False,1011,28.7,Sandwich,96,152,95,57,37.5,40
2024-07-17,Wednesday,False,False,False,1011,28.7,Tea,133,158,119,39,24.68,8
2024-07-17,Wednesday,False,False,False,1011,28.7,Coffee,109,125,113,12,9.6,15
2024-07-17,Wednesday,False,False,False,1011,28.7,Cold Drink,128,137,127,10,7.3,20
2024-07-17,Wednesday,False,False,False,1011,28.7,Veg Puff,78,76,76,0,0.0,18
2024-07-17,Wednesday,False,False,False,1011,28.7,Maggi,64,69,60,9,13.04,30
2024-07-18,Thursday,False,False,False,982,31.6,Samosa,115,100,100,0,0.0,12
2024-07-18,Thursday,False,False,False,982,31.6,Vada Pav,103,121,100,21,17.36,15
2024-07-18,Thursday,False,False,False,982,31.6,Sandwich,91,109,95,14,12.84,40
2024-07-18,Thursday,False,False,False,982,31.6,Tea,101,110,102,8,7.27,8
2024-07-18,Thursday,False,False,False,982,31.6,Coffee,86,121,83,38,31.4,15
2024-07-18,Thursday,False,False,False,982,31.6,Cold Drink,130,160,126,34,21.25,20
2024-07-18,Thursday,False,False,False,982,31.6,Veg Puff,67,72,70,2,2.78,18
2024-07-18,Thursday,False,False,False,982,31.6,Maggi,68,69,69,0,0.0,30
2024-07-19,Friday,False,False,False,850,27.0,Samosa,115,145,128,17,11.72,12
2024-07-19,Friday,False,False,False,850,27.0,Vada Pav,97,128,94,34,26.56,15
2024-07-19,Friday,False,False,False,850,27.0,Sandwich,71,82,71,11,13.41,40
2024-07-19,Friday,False,False,False,850,27.0,Tea,117,131,119,12,9.16,8
2024-07-19,Friday,False,False,False,850,27.0,Coffee,101,123,102,21,17.07,15
2024-07-19,Friday,False,False,False,850,27.0,Cold Drink,88,94,82,12,12.77,20
2024-07-19,Friday,False,False,False,850,27.0,Veg Puff,84,96,83,13,13.54,18
2024-07-19,Friday,False,False,False,850,27.0,Maggi,55,87,52,35,40.23,30
2024-07-20,Saturday,True,False,False,478,28.8,Samosa,51,65,55,10,15.38,12
2024-07-20,Saturday,True,False,False,478,28.8,Vada Pav,40,39,39,0,0.0,15
2024-07-20,Saturday,True,False,False,478,28.8,Sandwich,34,49,31,18,36.73,40
2024-07-20,Saturday,True,False,False,478,28.8,Tea,67,78,69,9,11.54,8
2024-07-20,Saturday,True,False,False,478,28.8,Coffee,35,35,35,0,0.0,15
2024-07-20,Saturday,True,False,False,478,28.8,Cold Drink,45,58,44,14,24.14,20
2024-07-20,Saturday,True,False,False,478,28.8,Veg Puff,23,21,21,0,0.0,18
2024-07-20,Saturday,True,False,False,478,28.8,Maggi,26,26,25,1,3.85,30
2024-07-21,Sunday,True,False,False,476,25.0,Samosa,34,33,33,0,0.0,12
2024-07-21,Sunday,True,False,False,476,25.0,Vada Pav,28,25,25,0,0.0,15
2024-07-21,Sunday,True,False,False,476,25.0,Sandwich,42,43,42,1,2.33,40
2024-07-21,Sunday,True,False,False,476,25.0,Tea,61,81,58,23,28.4,8
2024-07-21,Sunday,True,False,False,476,25.0,Coffee,52,55,48,7,12.73,15
2024-07-21,Sunday,True,False,False,476,25.0,Cold Drink,39,52,44,8,15.38,20
2024-07-21,Sunday,True,False,False,476,25.0,Veg Puff,18,22,17,5,22.73,18
2024-07-21,Sunday,True,False,False,476,25.0,Maggi,29,26,26,0,0.0,30
2024-07-22,Monday,False,False,False,783,28.2,Samosa,96,119,100,19,15.97,12
2024-07-22,Monday,False,False,False,783,28.2,Vada Pav,88,122,89,33,27.05,15
2024-07-22,Monday,False,False,False,783,28.2,Sandwich,63,85,61,24,28.24,40
2024-07-22,Monday,False,False,False,783,28.2,Tea,131,181,133,48,26.52,8
2024-07-22,Monday,False,False,False,783,28.2,Coffee,70,70,70,0,0.0,15
2024-07-22,Monday,False,False,False,783,28.2,Cold Drink,89,103,92,11,10.68,20
2024-07-22,Monday,False,False,False,783,28.2,Veg Puff,70,83,69,14,16.87,18
2024-07-22,Monday,False,False,False,783,28.2,Maggi,54,69,55,14,20.29,30
2024-07-23,Tuesday,False,False,False,861,30.2,Samosa,113,115,108,7,6.09,12
2024-07-23,Tuesday,False,False,False,861,30.2,Vada Pav,81,89,85,4,4.49,15
2024-07-23,Tuesday,False,False,False,861,30.2,Sandwich,74,87,71,16,18.39,40
2024-07-23,Tuesday,False,False,False,861,30.2,Tea,117,108,108,0,0.0,8
2024-07-23,Tuesday,False,False,False,861,30.2,Coffee,86,105,86,19,18.1,15
2024-07-23,Tuesday,False,False,False,861,30.2,Cold Drink,97,127,98,29,22.83,20
2024-07-23,Tuesday,False,False,False,861,30.2,Veg Puff,73,83,71,12,14.46,18
2024-07-23,Tuesday,False,False,False,861,30.2,Maggi,63,76,57,19,25.0,30
2024-07-24,Wednesday,False,False,False,819,27.5,Samosa,112,148,107,41,27.7,12
2024-07-24,Wednesday,False,False,False,819,27.5,Vada Pav,81,86,77,9,10.47,15
2024-07-24,Wednesday,False,False,False,819,27.5,Sandwich,74,93,70,23,24.73,40
2024-07-24,Wednesday,False,False,False,819,27.5,Tea,132,118,118,0,0.0,8
2024-07-24,Wednesday,False,False,False,819,27.5,Coffee,88,123,86,37,30.08,15
2024-07-24,Wednesday,False,False,False,819,27.5,Cold Drink,72,61,61,0,0.0,20
2024-07-24,Wednesday,False,False,False,819,27.5,Veg Puff,72,86,72,14,16.28,18
2024-07-24,Wednesday,False,False,False,819,27.5,Maggi,66,70,68,2,2.86,30
2024-07-25,Thursday,False,False,False,655,26.2,Samosa,65,72,64,8,11.11,12
2024-07-25,Thursday,False,False,False,655,26.2,Vada Pav,70,81,66,15,18.52,15
2024-07-25,Thursday,False,False,False,655,26.2,Sandwich,60,55,55,0,0.0,40
2024-07-25,Thursday,False,False,False,655,26.2,Tea,100,107,107,0,0.0,8
2024-07-25,Thursday,False,False,False,655,26.2,Coffee,63,61,59,2,3.28,15
2024-07-25,Thursday,False,False,False,655,26.2,Cold Drink,68,82,70,12,14.63,20
2024-07-25,Thursday,False,False,False,655,26.2,Veg Puff,73,59,59,0,0.0,18
2024-07-25,Thursday,False,False,False,655,26.2,Maggi,43,45,41,4,8.89,30
2024-07-26,Friday,False,False,False,763,31.4,Samosa,111,128,118,10,7.81,12
2024-07-26,Friday,False,False,False,763,31.4,Vada Pav,66,62,58,4,6.45,15
2024-07-26,Friday,False,False,False,763,31.4,Sandwich,66,77,66,11,14.29,40
2024-07-26,Friday,False,False,False,763,31.4,Tea,105,98,98,0,0.0,8
2024-07-26,Friday,False,False,False,763,31.4,Coffee,78,98,70,28,28.57,15
2024-07-26,Friday,False,False,False,763,31.4,Cold Drink,103,100,100,0,0.0,20
2024-07-26,Friday,False,False,False,763,31.4,Veg Puff,67,77,64,13,16.88,18
2024-07-26,Friday,False,False,False,763,31.4,Maggi,55,50,50,0,0.0,30
2024-07-27,Saturday,True,False,False,489,30.2,Samosa,39,41,37,4,9.76,12
2024-07-27,Saturday,True,False,False,489,30.2,Vada Pav,44,45,45,0,0.0,15
2024-07-27,Saturday,True,False,False,489,30.2,Sandwich,29,24,24,0,0.0,40
2024-07-27,Saturday,True,False,False,489,30.2,Tea,30,34,28,6,17.65,8
2024-07-27,Saturday,True,False,False,489,30.2,Coffee,45,51,44,7,13.73,15
2024-07-27,Saturday,True,False,False,489,30.2,Cold Drink,49,63,48,15,23.81,20
2024-07-27,Saturday,True,False,False,489,30.2,Veg Puff,22,19,19,0,0.0,18
2024-07-27,Saturday,True,False,False,489,30.2,Maggi,20,23,19,4,17.39,30
2024-07-28,Sunday,True,False,False,534,26.8,Samosa,49,65,49,16,24.62,12
2024-07-28,Sunday,True,False,False,534,26.8,Vada Pav,38,40,36,4,10.0,15
2024-07-28,Sunday,True,False,False,534,26.8,Sandwich,28,29,29,0,0.0,40
2024-07-28,Sunday,True,False,False,534,26.8,Tea,55,52,52,0,0.0,8
2024-07-28,Sunday,True,False,False,534,26.8,Coffee,46,43,43,0,0.0,15
2024-07-28,Sunday,True,False,False,534,26.8,Cold Drink,41,57,38,19,33.33,20
2024-07-28,Sunday,True,False,False,534,26.8,Veg Puff,38,51,36,15,29.41,18
2024-07-28,Sunday,True,False,False,534,26.8,Maggi,25,24,24,0,0.0,30
2024-07-29,Monday,False,False,False,894,29.3,Samosa,132,136,119,17,12.5,12
2024-07-29,Monday,False,False,False,894,29.3,Vada Pav,94,112,95,17,15.18,15
2024-07-29,Monday,False,False,False,894,29.3,Sandwich,81,94,87,7,7.45,40
2024-07-29,Monday,False,False,False,894,29.3,Tea,135,147,131,16,10.88,8
2024-07-29,Monday,False,False,False,894,29.3,Coffee,93,129,92,37,28.68,15
2024-07-29,Monday,False,False,False,894,29.3,Cold Drink,108,116,113,3,2.59,20
2024-07-29,Monday,False,False,False,894,29.3,Veg Puff,89,108,89,19,17.59,18
2024-07-29,Monday,False,False,False,894,29.3,Maggi,64,50,50,0,0.0,30
2024-07-30,Tuesday,False,False,False,920,28.9,Samosa,114,124,111,13,10.48,12
2024-07-30,Tuesday,False,False,False,920,28.9,Vada Pav,106,115,115,0,0.0,15
2024-07-30,Tuesday,False,False,False,920,28.9,Sandwich,90,86,86,0,0.0,40
2024-07-30,Tuesday,False,False,False,920,28.9,Tea,125,102,102,0,0.0,8
2024-07-30,Tuesday,False,False,False,920,28.9,Coffee,107,131,107,24,18.32,15
2024-07-30,Tuesday,False,False,False,920,28.9,Cold Drink,97,104,101,3,2.88,20
2024-07-30,Tuesday,False,False,False,920,28.9,Veg Puff,68,52,52,0,0.0,18
2024-07-30,Tuesday,False,False,False,920,28.9,Maggi,65,76,67,9,11.84,30
2024-07-31,Wednesday,False,False,False,995,28.5,Samosa,147,135,135,0,0.0,12
2024-07-31,Wednesday,False,False,False,995,28.5,Vada Pav,110,106,101,5,4.72,15
2024-07-31,Wednesday,False,False,False,995,28.5,Sandwich,87,91,90,1,1.1,40
2024-07-31,Wednesday,False,False,False,995,28.5,Tea,139,141,134,7,4.96,8
2024-07-31,Wednesday,False,False,False,995,28.5,Coffee,121,139,119,20,14.39,15
2024-07-31,Wednesday,False,False,False,995,28.5,Cold Drink,116,155,111,44,28.39,20
2024-07-31,Wednesday,False,False,False,995,28.5,Veg Puff,92,108,91,17,15.74,18
2024-07-31,Wednesday,False,False,False,995,28.5,Maggi,88,87,86,1,1.15,30
2024-08-01,Thursday,False,False,False,715,29.9,Samosa,115,161,122,39,24.22,12
2024-08-01,Thursday,False,False,False,715,29.9,Vada Pav,73,79,66,13,16.46,15
2024-08-01,Thursday,False,False,False,715,29.9,Sandwich,84,102,81,21,20.59,40
2024-08-01,Thursday,False,False,False,715,29.9,Tea,121,121,121,0,0.0,8
2024-08-01,Thursday,False,False,False,715,29.9,Coffee,72,89,71,18,20.22,15
2024-08-01,Thursday,False,False,False,715,29.9,Cold Drink,75,87,78,9,10.34,20
2024-08-01,Thursday,False,False,False,715,29.9,Veg Puff,59,74,55,19,25.68,18
2024-08-01,Thursday,False,False,False,715,29.9,Maggi,51,53,52,1,1.89,30
2024-08-02,Friday,False,False,False,904,29.4,Samosa,133,166,134,32,19.28,12
2024-08-02,Friday,False,False,False,904,29.4,Vada Pav,85,97,82,15,15.46,15
2024-08-02,Friday,False,False,False,904,29.4,Sandwich,82,89,77,12,13.48,40
2024-08-02,Friday,False,False,False,904,29.4,Tea,101,106,101,5,4.72,8
2024-08-02,Friday,False,False,False,904,29.4,Coffee,81,93,88,5,5.38,15
2024-08-02,Friday,False,False,False,904,29.4,Cold Drink,119,166,121,45,27.11,20
2024-08-02,Friday,False,False,False,904,29.4,Veg Puff,84,87,81,6,6.9,18
2024-08-02,Friday,False,False,False,904,29.4,Maggi,47,62,50,12,19.35,30
2024-08-03,Saturday,True,False,False,472,27.5,Samosa,35,42,36,6,14.29,12
2024-08-03,Saturday,True,False,False,472,27.5,Vada Pav,18,21,17,4,19.05,15
2024-08-03,Saturday,True,False,False,472,27.5,Sandwich,32,39,31,8,20.51,40
2024-08-03,Saturday,True,False,False,472,27.5,Tea,49,54,51,3,5.56,8
2024-08-03,Saturday,True,False,False,472,27.5,Coffee,41,48,38,10,20.83,15
2024-08-03,Saturday,True,False,False,472,27.5,Cold Drink,33,42,33,9,21.43,20
2024-08-03,Saturday,True,False,False,472,27.5,Veg Puff,32,45,33,12,26.67,18
2024-08-03,Saturday,True,False,False,472,27.5,Maggi,24,25,20,5,20.0,30
2024-08-04,Sunday,True,False,False,491,27.3,Samosa,50,56,49,7,12.5,12
2024-08-04,Sunday,True,False,False,491,27.3,Vada Pav,19,19,19,0,0.0,15
2024-08-04,Sunday,True,False,False,491,27.3,Sandwich,47,53,47,6,11.32,40
2024-08-04,Sunday,True,False,False,491,27.3,Tea,67,68,68,0,0.0,8
2024-08-04,Sunday,True,False,False,491,27.3,Coffee,30,38,30,8,21.05,15
2024-08-04,Sunday,True,False,False,491,27.3,Cold Drink,41,42,42,0,0.0,20
2024-08-04,Sunday,True,False,False,491,27.3,Veg Puff,44,43,43,0,0.0,18
2024-08-04,Sunday,True,False,False,491,27.3,Maggi,26,32,25,7,21.88,30
2024-08-05,Monday,False,False,False,475,30.7,Samosa,72,63,63,0,0.0,12
2024-08-05,Monday,False,False,False,475,30.7,Vada Pav,65,88,68,20,22.73,15
2024-08-05,Monday,False,False,False,475,30.7,Sandwich,43,49,42,7,14.29,40
2024-08-05,Monday,False,False,False,475,30.7,Tea,82,83,78,5,6.02,8
2024-08-05,Monday,False,False,False,475,30.7,Coffee,59,67,63,4,5.97,15
2024-08-05,Monday,False,False,False,475,30.7,Cold Drink,55,62,52,10,16.13,20
2024-08-05,Monday,False,False,False,475,30.7,Veg Puff,39,36,36,0,0.0,18
2024-08-05,Monday,False,False,False,475,30.7,Maggi,24,30,24,6,20.0,30
2024-08-06,Tuesday,False,False,False,640,30.7,Samosa,115,133,111,22,16.54,12
2024-08-06,Tuesday,False,False,False,640,30.7,Vada Pav,94,89,89,0,0.0,15
2024-08-06,Tuesday,False,False,False,640,30.7,Sandwich,61,82,62,20,24.39,40
2024-08-06,Tuesday,False,False,False,640,30.7,Tea,81,81,79,2,2.47,8
2024-08-06,Tuesday,False,False,False,640,30.7,Coffee,53,61,51,10,16.39,15
2024-08-06,Tuesday,False,False,False,640,30.7,Cold Drink,68,91,66,25,27.47,20
2024-08-06,Tuesday,False,False,False,640,30.7,Veg Puff,43,48,43,5,10.42,18
2024-08-06,Tuesday,False,False,False,640,30.7,Maggi,34,40,32,8,20.0,30
2024-08-07,Wednesday,False,False,False,1156,29.0,Samosa,149,154,148,6,3.9,12
2024-08-07,Wednesday,False,False,False,1156,29.0,Vada Pav,127,145,125,20,13.79,15
2024-08-07,Wednesday,False,False,False,1156,29.0,Sandwich,109,115,107,8,6.96,40
2024-08-07,Wednesday,False,False,False,1156,29.0,Tea,137,177,139,38,21.47,8
2024-08-07,Wednesday,False,False,False,1156,29.0,Coffee,115,165,115,50,30.3,15
2024-08-07,Wednesday,False,False,False,1156,29.0,Cold Drink,129,164,131,33,20.12,20
2024-08-07,Wednesday,False,False,False,1156,29.0,Veg Puff,99,107,101,6,5.61,18
2024-08-07,Wednesday,False,False,False,1156,29.0,Maggi,81,99,73,26,26.26,30
2024-08-08,Thursday,False,False,False,834,31.4,Samosa,101,107,98,9,8.41,12
2024-08-08,Thursday,False,False,False,834,31.4,Vada Pav,76,62,62,0,0.0,15
2024-08-08,Thursday,False,False,False,834,31.4,Sandwich,79,90,78,12,13.33,40
2024-08-08,Thursday,False,False,False,834,31.4,Tea,112,145,110,35,24.14,8
2024-08-08,Thursday,False,False,False,834,31.4,Coffee,75,83,77,6,7.23,15
2024-08-08,Thursday,False,False,False,834,31.4,Cold Drink,122,128,122,6,4.69,20
2024-08-08,Thursday,False,False,False,834,31.4,Veg Puff,72,72,72,0,0.0,18
2024-08-08,Thursday,False,False,False,834,31.4,Maggi,50,44,44,0,0.0,30
2024-08-09,Friday,False,False,False,842,28.4,Samosa,112,112,111,1,0.89,12
2024-08-09,Friday,False,False,False,842,28.4,Vada Pav,77,104,71,33,31.73,15
2024-08-09,Friday,False,False,False,842,28.4,Sandwich,77,76,76,0,0.0,40
2024-08-09,Friday,False,False,False,842,28.4,Tea,121,129,126,3,2.33,8
2024-08-09,Friday,False,False,False,842,28.4,Coffee,92,112,87,25,22.32,15
2024-08-09,Friday,False,False,False,842,28.4,Cold Drink,85,99,83,16,16.16,20
2024-08-09,Friday,False,False,False,842,28.4,Veg Puff,74,84,74,10,11.9,18
2024-08-09,Friday,False,False,False,842,28.4,Maggi,50,71,49,22,30.99,30
2024-08-10,Saturday,True,False,False,534,26.3,Samosa,53,50,50,0,0.0,12
2024-08-10,Saturday,True,False,False,534,26.3,Vada Pav,36,41,37,4,9.76,15
2024-08-10,Saturday,True,False,False,534,26.3,Sandwich,24,25,24,1,4.0,40
2024-08-10,Saturday,True,False,False,534,26.3,Tea,91,102,93,9,8.82,8
2024-08-10,Saturday,True,False,False,534,26.3,Coffee,42,60,38,22,36.67,15
2024-08-10,Saturday,True,False,False,534,26.3,Cold Drink,40,36,34,2,5.56,20
2024-08-10,Saturday,True,False,False,534,26.3,Veg Puff,33,38,32,6,15.79,18
2024-08-10,Saturday,True,False,False,534,26.3,Maggi,26,41,25,16,39.02,30
2024-08-11,Sunday,True,False,False,525,26.7,Samosa,52,57,50,7,12.28,12
2024-08-11,Sunday,True,False,False,525,26.7,Vada Pav,56,74,56,18,24.32,15
2024-08-11,Sunday,True,False,False,525,26.7,Sandwich,15,16,16,0,0.0,40
2024-08-11,Sunday,True,False,False,525,26.7,Tea,54,71,57,14,19.72,8
2024-08-11,Sunday,True,False,False,525,26.7,Coffee,45,46,39,7,15.22,15
2024-08-11,Sunday,True,False,False,525,26.7,Cold Drink,46,47,46,1,2.13,20
2024-08-11,Sunday,True,False,False,525,26.7,Veg Puff,21,23,21,2,8.7,18
2024-08-11,Sunday,True,False,False,525,26.7,Maggi,28,27,27,0,0.0,30
2024-08-12,Monday,False,False,False,810,24.7,Samosa,106,122,106,16,13.11,12
2024-08-12,Monday,False,False,False,810,24.7,Vada Pav,98,109,97,12,11.01,15
2024-08-12,Monday,False,False,False,810,24.7,Sandwich,67,85,67,18,21.18,40
2024-08-12,Monday,False,False,False,810,24.7,Tea,130,112,112,0,0.0,8
2024-08-12,Monday,False,False,False,810,24.7,Coffee,86,91,87,4,4.4,15
2024-08-12,Monday,False,False,False,810,24.7,Cold Drink,68,62,60,2,3.23,20
2024-08-12,Monday,False,False,False,810,24.7,Veg Puff,72,76,76,0,0.0,18
2024-08-12,Monday,False,False,False,810,24.7,Maggi,52,52,50,2,3.85,30
2024-08-13,Tuesday,False,False,False,936,27.1,Samosa,132,132,122,10,7.58,12
2024-08-13,Tuesday,False,False,False,936,27.1,Vada Pav,81,66,66,0,0.0,15
2024-08-13,Tuesday,False,False,False,936,27.1,Sandwich,85,89,89,0,0.0,40
2024-08-13,Tuesday,False,False,False,936,27.1,Tea,164,180,149,31,17.22,8
2024-08-13,Tuesday,False,False,False,936,27.1,Coffee,101,107,97,10,9.35,15
2024-08-13,Tuesday,False,False,False,936,27.1,Cold Drink,96,100,94,6,6.0,20
2024-08-13,Tuesday,False,False,False,936,27.1,Veg Puff,73,86,74,12,13.95,18
2024-08-13,Tuesday,False,False,False,936,27.1,Maggi,61,81,58,23,28.4,30
2024-08-14,Wednesday,False,False,False,657,28.8,Samosa,77,92,67,25,27.17,12
2024-08-14,Wednesday,False,False,False,657,28.8,Vada Pav,82,102,75,27,26.47,15
2024-08-14,Wednesday,False,False,False,657,28.8,Sandwich,49,68,47,21,30.88,40
2024-08-14,Wednesday,False,False,False,657,28.8,Tea,84,68,68,0,0.0,8
2024-08-14,Wednesday,False,False,False,657,28.8,Coffee,68,85,63,22,25.88,15
2024-08-14,Wednesday,False,False,False,657,28.8,Cold Drink,64,77,67,10,12.99,20
2024-08-14,Wednesday,False,False,False,657,28.8,Veg Puff,42,55,42,13,23.64,18
2024-08-14,Wednesday,False,False,False,657,28.8,Maggi,54,61,47,14,22.95,30
2024-08-15,Thursday,False,True,False,195,30.1,Samosa,1,1,0,1,100.0,12
2024-08-15,Thursday,False,True,False,195,30.1,Vada Pav,1,1,0,1,100.0,15
2024-08-15,Thursday,False,True,False,195,30.1,Sandwich,9,10,10,0,0.0,40
2024-08-15,Thursday,False,True,False,195,30.1,Tea,14,15,13,2,13.33,8
2024-08-15,Thursday,False,True,False,195,30.1,Coffee,14,12,12,0,0.0,15
2024-08-15,Thursday,False,True,False,195,30.1,Cold Drink,1,1,1,0,0.0,20
2024-08-15,Thursday,False,True,False,195,30.1,Veg Puff,9,10,7,3,30.0,18
2024-08-15,Thursday,False,True,False,195,30.1,Maggi,1,1,1,0,0.0,30
2024-08-16,Friday,False,False,False,1077,28.8,Samosa,131,135,131,4,2.96,12
2024-08-16,Friday,False,False,False,1077,28.8,Vada Pav,91,127,93,34,26.77,15
2024-08-16,Friday,False,False,False,1077,28.8,Sandwich,112,102,102,0,0.0,40
2024-08-16,Friday,False,False,False,1077,28.8,Tea,192,182,182,0,0.0,8
2024-08-16,Friday,False,False,False,1077,28.8,Coffee,116,106,106,0,0.0,15
2024-08-16,Friday,False,False,False,1077,28.8,Cold Drink,135,143,142,1,0.7,20
2024-08-16,Friday,False,False,False,1077,28.8,Veg Puff,77,71,71,0,0.0,18
2024-08-16,Friday,False,False,False,1077,28.8,Maggi,77,80,80,0,0.0,30
2024-08-17,Saturday,True,False,False,526,29.7,Samosa,47,58,45,13,22.41,12
2024-08-17,Saturday,True,False,False,526,29.7,Vada Pav,58,59,59,0,0.0,15
2024-08-17,Saturday,True,False,False,526,29.7,Sandwich,35,33,33,0,0.0,40
2024-08-17,Saturday,True,False,False,526,29.7,Tea,54,68,57,11,16.18,8
2024-08-17,Saturday,True,False,False,526,29.7,Coffee,42,44,44,0,0.0,15
2024-08-17,Saturday,True,False,False,526,29.7,Cold Drink,45,56,40,16,28.57,20
2024-08-17,Saturday,True,False,False,526,29.7,Veg Puff,34,35,35,0,0.0,18
2024-08-17,Saturday,True,False,False,526,29.7,Maggi,30,35,30,5,14.29,30
2024-08-18,Sunday,True,False,False,450,31.2,Samosa,65,78,70,8,10.26,12
2024-08-18,Sunday,True,False,False,450,31.2,Vada Pav,27,27,27,0,0.0,15
2024-08-18,Sunday,True,False,False,450,31.2,Sandwich,33,35,33,2,5.71,40
2024-08-18,Sunday,True,False,False,450,31.2,Tea,47,47,47,0,0.0,8
2024-08-18,Sunday,True,False,False,450,31.2,Coffee,40,47,42,5,10.64,15
2024-08-18,Sunday,True,False,False,450,31.2,Cold Drink,30,36,28,8,22.22,20
2024-08-18,Sunday,True,False,False,450,31.2,Veg Puff,17,17,16,1,5.88,18
2024-08-18,Sunday,True,False,False,450,31.2,Maggi,19,21,19,2,9.52,30
2024-08-19,Monday,False,False,False,851,24.8,Samosa,127,130,126,4,3.08,12
2024-08-19,Monday,False,False,False,851,24.8,Vada Pav,94,110,99,11,10.0,15
2024-08-19,Monday,False,False,False,851,24.8,Sandwich,84,85,85,0,0.0,40
2024-08-19,Monday,False,False,False,851,24.8,Tea,145,163,151,12,7.36,8
2024-08-19,Monday,False,False,False,851,24.8,Coffee,107,129,120,9,6.98,15
2024-08-19,Monday,False,False,False,851,24.8,Cold Drink,81,89,81,8,8.99,20
2024-08-19,Monday,False,False,False,851,24.8,Veg Puff,78,72,70,2,2.78,18
2024-08-19,Monday,False,False,False,851,24.8,Maggi,57,51,51,0,0.0,30
2024-08-20,Tuesday,False,False,False,975,26.2,Samosa,112,129,116,13,10.08,12
2024-08-20,Tuesday,False,False,False,975,26.2,Vada Pav,86,109,89,20,18.35,15
2024-08-20,Tuesday,False,False,False,975,26.2,Sandwich,100,133,111,22,16.54,40
2024-08-20,Tuesday,False,False,False,975,26.2,Tea,151,176,147,29,16.48,8
2024-08-20,Tuesday,False,False,False,975,26.2,Coffee,114,157,106,51,32.48,15
2024-08-20,Tuesday,False,False,False,975,26.2,Cold Drink,95,128,99,29,22.66,20
2024-08-20,Tuesday,False,False,False,975,26.2,Veg Puff,78,99,79,20,20.2,18
2024-08-20,Tuesday,False,False,False,975,26.2,Maggi,80,92,84,8,8.7,30
2024-08-21,Wednesday,False,False,False,1296,29.2,Samosa,173,217,169,48,22.12,12
2024-08-21,Wednesday,False,False,False,1296,29.2,Vada Pav,159,187,156,31,16.58,15
2024-08-21,Wednesday,False,False,False,1296,29.2,Sandwich,115,151,119,32,21.19,40
2024-08-21,Wednesday,False,False,False,1296,29.2,Tea,181,223,167,56,25.11,8
2024-08-21,Wednesday,False,False,False,1296,29.2,Coffee,140,170,151,19,11.18,15
2024-08-21,Wednesday,False,False,False,1296,29.2,Cold Drink,149,142,142,0,0.0,20
2024-08-21,Wednesday,False,False,False,1296,29.2,Veg Puff,97,130,104,26,20.0,18
2024-08-21,Wednesday,False,False,False,1296,29.2,Maggi,95,126,95,31,24.6,30
2024-08-22,Thursday,False,False,False,885,27.3,Samosa,114,104,104,0,0.0,12
2024-08-22,Thursday,False,False,False,885,27.3,Vada Pav,93,117,93,24,20.51,15
2024-08-22,Thursday,False,False,False,885,27.3,Sandwich,82,83,82,1,1.2,40
2024-08-22,Thursday,False,False,False,885,27.3,Tea,148,144,144,0,0.0,8
2024-08-22,Thursday,False,False,False,885,27.3,Coffee,103,107,99,8,7.48,15
2024-08-22,Thursday,False,False,False,885,27.3,Cold Drink,100,97,97,0,0.0,20
2024-08-22,Thursday,False,False,False,885,27.3,Veg Puff,67,87,74,13,14.94,18
2024-08-22,Thursday,False,False,False,885,27.3,Maggi,58,71,55,16,22.54,30
2024-08-23,Friday,False,False,False,1056,25.5,Samosa,146,148,144,4,2.7,12
2024-08-23,Friday,False,False,False,1056,25.5,Vada Pav,101,128,96,32,25.0,15
2024-08-23,Friday,False,False,False,1056,25.5,Sandwich,104,114,103,11,9.65,40
2024-08-23,Friday,False,False,False,1056,25.5,Tea,175,181,176,5,2.76,8
2024-08-23,Friday,False,False,False,1056,25.5,Coffee,144,148,148,0,0.0,15
2024-08-23,Friday,False,False,False,1056,25.5,Cold Drink,121,124,112,12,9.68,20
2024-08-23,Friday,False,False,False,1056,25.5,Veg Puff,90,96,96,0,0.0,18
2024-08-23,Friday,False,False,False,1056,25.5,Maggi,76,78,71,7,8.97,30
2024-08-24,Saturday,True,False,False,554,26.9,Samosa,52,67,50,17,25.37,12
2024-08-24,Saturday,True,False,False,554,26.9,Vada Pav,40,45,41,4,8.89,15
2024-08-24,Saturday,True,False,False,554,26.9,Sandwich,41,45,41,4,8.89,40
2024-08-24,Saturday,True,False,False,554,26.9,Tea,55,51,51,0,0.0,8
2024-08-24,Saturday,True,False,False,554,26.9,Coffee,65,66,62,4,6.06,15
2024-08-24,Saturday,True,False,False,554,26.9,Cold Drink,34,42,34,8,19.05,20
2024-08-24,Saturday,True,False,False,554,26.9,Veg Puff,31,31,31,0,0.0,18
2024-08-24,Saturday,True,False,False,554,26.9,Maggi,17,19,17,2,10.53,30
2024-08-25,Sunday,True,False,False,437,24.9,Samosa,59,62,62,0,0.0,12
2024-08-25,Sunday,True,False,False,437,24.9,Vada Pav,30,33,30,3,9.09,15
2024-08-25,Sunday,True,False,False,437,24.9,Sandwich,21,24,20,4,16.67,40
2024-08-25,Sunday,True,False,False,437,24.9,Tea,31,37,30,7,18.92,8
2024-08-25,Sunday,True,False,False,437,24.9,Coffee,35,33,33,0,0.0,15
2024-08-25,Sunday,True,False,False,437,24.9,Cold Drink,38,49,37,12,24.49,20
2024-08-25,Sunday,True,False,False,437,24.9,Veg Puff,12,17,11,6,35.29,18
2024-08-25,Sunday,True,False,False,437,24.9,Maggi,17,20,18,2,10.0,30
2024-08-26,Monday,False,False,False,896,30.6,Samosa,132,130,127,3,2.31,12
2024-08-26,Monday,False,False,False,896,30.6,Vada Pav,103,76,76,0,0.0,15
2024-08-26,Monday,False,False,False,896,30.6,Sandwich,72,77,70,7,9.09,40
2024-08-26,Monday,False,False,False,896,30.6,Tea,119,126,112,14,11.11,8
2024-08-26,Monday,False,False,False,896,30.6,Coffee,116,165,109,56,33.94,15
2024-08-26,Monday,False,False,False,896,30.6,Cold Drink,128,139,128,11,7.91,20
2024-08-26,Monday,False,False,False,896,30.6,Veg Puff,74,77,77,0,0.0,18
2024-08-26,Monday,False,False,False,896,30.6,Maggi,65,70,60,10,14.29,30
2024-08-27,Tuesday,False,False,False,765,24.7,Samosa,102,98,98,0,0.0,12
2024-08-27,Tuesday,False,False,False,765,24.7,Vada Pav,93,123,92,31,25.2,15
2024-08-27,Tuesday,False,False,False,765,24.7,Sandwich,71,101,72,29,28.71,40
2024-08-27,Tuesday,False,False,False,765,24.7,Tea,123,115,115,0,0.0,8
2024-08-27,Tuesday,False,False,False,765,24.7,Coffee,103,108,104,4,3.7,15
2024-08-27,Tuesday,False,False,False,765,24.7,Cold Drink,72,80,63,17,21.25,20
2024-08-27,Tuesday,False,False,False,765,24.7,Veg Puff,62,80,60,20,25.0,18
2024-08-27,Tuesday,False,False,False,765,24.7,Maggi,55,57,55,2,3.51,30
2024-08-28,Wednesday,False,False,False,867,26.1,Samosa,131,168,127,41,24.4,12
2024-08-28,Wednesday,False,False,False,867,26.1,Vada Pav,96,118,99,19,16.1,15
2024-08-28,Wednesday,False,False,False,867,26.1,Sandwich,67,87,65,22,25.29,40
2024-08-28,Wednesday,False,False,False,867,26.1,Tea,134,207,136,71,34.3,8
2024-08-28,Wednesday,False,False,False,867,26.1,Coffee,98,80,80,0,0.0,15
2024-08-28,Wednesday,False,False,False,867,26.1,Cold Drink,79,78,77,1,1.28,20
2024-08-28,Wednesday,False,False,False,867,26.1,Veg Puff,82,103,81,22,21.36,18
2024-08-28,Wednesday,False,False,False,867,26.1,Maggi,64,67,64,3,4.48,30
2024-08-29,Thursday,False,False,False,911,29.9,Samosa,133,162,130,32,19.75,12
2024-08-29,Thursday,False,False,False,911,29.9,Vada Pav,103,117,97,20,17.09,15
2024-08-29,Thursday,False,False,False,911,29.9,Sandwich,82,95,85,10,10.53,40
2024-08-29,Thursday,False,False,False,911,29.9,Tea,126,122,122,0,0.0,8
2024-08-29,Thursday,False,False,False,911,29.9,Coffee,96,113,100,13,11.5,15
2024-08-29,Thursday,False,False,False,911,29.9,Cold Drink,122,129,118,11,8.53,20
2024-08-29,Thursday,False,False,False,911,29.9,Veg Puff,68,85,72,13,15.29,18
2024-08-29,Thursday,False,False,False,911,29.9,Maggi,63,70,67,3,4.29,30
2024-08-30,Friday,False,False,False,975,28.9,Samosa,115,143,109,34,23.78,12
2024-08-30,Friday,False,False,False,975,28.9,Vada Pav,92,101,89,12,11.88,15
2024-08-30,Friday,False,False,False,975,28.9,Sandwich,90,84,84,0,0.0,40
2024-08-30,Friday,False,False,False,975,28.9,Tea,160,137,137,0,0.0,8
2024-08-30,Friday,False,False,False,975,28.9,Coffee,96,122,95,27,22.13,15
2024-08-30,Friday,False,False,False,975,28.9,Cold Drink,116,130,123,7,5.38,20
2024-08-30,Friday,False,False,False,975,28.9,Veg Puff,71,88,74,14,15.91,18
2024-08-30,Friday,False,False,False,975,28.9,Maggi,75,112,73,39,34.82,30
2024-08-31,Saturday,True,False,False,547,27.8,Samosa,65,74,63,11,14.86,12
2024-08-31,Saturday,True,False,False,547,27.8,Vada Pav,52,55,48,7,12.73,15
2024-08-31,Saturday,True,False,False,547,27.8,Sandwich,31,38,33,5,13.16,40
2024-08-31,Saturday,True,False,False,547,27.8,Tea,60,80,55,25,31.25,8
2024-08-31,Saturday,True,False,False,547,27.8,Coffee,38,42,37,5,11.9,15
2024-08-31,Saturday,True,False,False,547,27.8,Cold Drink,44,55,43,12,21.82,20
2024-08-31,Saturday,True,False,False,547,27.8,Veg Puff,32,36,30,6,16.67,18
2024-08-31,Saturday,True,False,False,547,27.8,Maggi,26,29,25,4,13.79,30
2024-09-01,Sunday,True,False,False,501,28.2,Samosa,41,54,38,16,29.63,12
2024-09-01,Sunday,True,False,False,501,28.2,Vada Pav,30,47,28,19,40.43,15
2024-09-01,Sunday,True,False,False,501,28.2,Sandwich,21,26,18,8,30.77,40
2024-09-01,Sunday,True,False,False,501,28.2,Tea,49,72,45,27,37.5,8
2024-09-01,Sunday,True,False,False,501,28.2,Coffee,17,15,15,0,0.0,15
2024-09-01,Sunday,True,False,False,501,28.2,Cold Drink,50,53,51,2,3.77,20
2024-09-01,Sunday,True,False,False,501,28.2,Veg Puff,39,55,38,17,30.91,18
2024-09-01,Sunday,True,False,False,501,28.2,Maggi,10,10,9,1,10.0,30
2024-09-02,Monday,False,False,False,861,27.6,Samosa,128,171,126,45,26.32,12
2024-09-02,Monday,False,False,False,861,27.6,Vada Pav,101,121,101,20,16.53,15
2024-09-02,Monday,False,False,False,861,27.6,Sandwich,89,103,98,5,4.85,40
2024-09-02,Monday,False,False,False,861,27.6,Tea,110,117,109,8,6.84,8
2024-09-02,Monday,False,False,False,861,27.6,Coffee,101,135,100,35,25.93,15
2024-09-02,Monday,False,False,False,861,27.6,Cold Drink,84,107,87,20,18.69,20
2024-09-02,Monday,False,False,False,861,27.6,Veg Puff,57,65,52,13,20.0,18
2024-09-02,Monday,False,False,False,861,27.6,Maggi,57,57,57,0,0.0,30
2024-09-03,Tuesday,False,False,False,917,25.4,Samosa,132,123,123,0,0.0,12
2024-09-03,Tuesday,False,False,False,917,25.4,Vada Pav,89,97,91,6,6.19,15
2024-09-03,Tuesday,False,False,False,917,25.4,Sandwich,91,122,90,32,26.23,40
2024-09-03,Tuesday,False,False,False,917,25.4,Tea,155,168,156,12,7.14,8
2024-09-03,Tuesday,False,False,False,917,25.4,Coffee,115,130,104,26,20.0,15
2024-09-03,Tuesday,False,False,False,917,25.4,Cold Drink,96,115,92,23,20.0,20
2024-09-03,Tuesday,False,False,False,917,25.4,Veg Puff,66,90,67,23,25.56,18
2024-09-03,Tuesday,False,False,False,917,25.4,Maggi,64,62,61,1,1.61,30
2024-09-04,Wednesday,False,False,False,1095,28.3,Samosa,139,170,133,37,21.76,12
2024-09-04,Wednesday,False,False,False,1095,28.3,Vada Pav,129,174,125,49,28.16,15
2024-09-04,Wednesday,False,False,False,1095,28.3,Sandwich,98,74,74,0,0.0,40
2024-09-04,Wednesday,False,False,False,1095,28.3,Tea,144,168,141,27,16.07,8
2024-09-04,Wednesday,False,False,False,1095,28.3,Coffee,105,116,107,9,7.76,15
2024-09-04,Wednesday,False,False,False,1095,28.3,Cold Drink,132,114,114,0,0.0,20
2024-09-04,Wednesday,False,False,False,1095,28.3,Veg Puff,80,102,83,19,18.63,18
2024-09-04,Wednesday,False,False,False,1095,28.3,Maggi,73,75,71,4,5.33,30
2024-09-05,Thursday,False,False,False,562,28.7,Samosa,71,91,67,24,26.37,12
2024-09-05,Thursday,False,False,False,562,28.7,Vada Pav,53,48,48,0,0.0,15
2024-09-05,Thursday,False,False,False,562,28.7,Sandwich,43,55,41,14,25.45,40
2024-09-05,Thursday,False,False,False,562,28.7,Tea,85,92,79,13,14.13,8
2024-09-05,Thursday,False,False,False,562,28.7,Coffee,59,73,55,18,24.66,15
2024-09-05,Thursday,False,False,False,562,28.7,Cold Drink,73,74,71,3,4.05,20
2024-09-05,Thursday,False,False,False,562,28.7,Veg Puff,50,52,50,2,3.85,18
2024-09-05,Thursday,False,False,False,562,28.7,Maggi,38,44,33,11,25.0,30
2024-09-06,Friday,False,False,False,625,29.2,Samosa,95,96,93,3,3.12,12
2024-09-06,Friday,False,False,False,625,29.2,Vada Pav,68,85,61,24,28.24,15
2024-09-06,Friday,False,False,False,625,29.2,Sandwich,51,56,52,4,7.14,40
2024-09-06,Friday,False,False,False,625,29.2,Tea,128,142,118,24,16.9,8
2024-09-06,Friday,False,False,False,625,29.2,Coffee,71,95,71,24,25.26,15
2024-09-06,Friday,False,False,False,625,29.2,Cold Drink,67,86,69,17,19.77,20
2024-09-06,Friday,False,False,False,625,29.2,Veg Puff,44,53,46,7,13.21,18
2024-09-06,Friday,False,False,False,625,29.2,Maggi,52,59,51,8,13.56,30
2024-09-07,Saturday,True,False,False,561,25.6,Samosa,57,53,53,0,0.0,12
2024-09-07,Saturday,True,False,False,561,25.6,Vada Pav,39,52,39,13,25.0,15
2024-09-07,Saturday,True,False,False,561,25.6,Sandwich,26,35,28,7,20.0,40
2024-09-07,Saturday,True,False,False,561,25.6,Tea,77,79,75,4,5.06,8
2024-09-07,Saturday,True,False,False,561,25.6,Coffee,48,50,50,0,0.0,15
2024-09-07,Saturday,True,False,False,561,25.6,Cold Drink,41,30,30,0,0.0,20
2024-09-07,Saturday,True,False,False,561,25.6,Veg Puff,30,34,29,5,14.71,18
2024-09-07,Saturday,True,False,False,561,25.6,Maggi,33,43,33,10,23.26,30
2024-09-08,Sunday,True,False,False,483,27.9,Samosa,45,46,46,0,0.0,12
2024-09-08,Sunday,True,False,False,483,27.9,Vada Pav,40,55,42,13,23.64,15
2024-09-08,Sunday,True,False,False,483,27.9,Sandwich,26,33,24,9,27.27,40
2024-09-08,Sunday,True,False,False,483,27.9,Tea,61,65,57,8,12.31,8
2024-09-08,Sunday,True,False,False,483,27.9,Coffee,40,29,29,0,0.0,15
2024-09-08,Sunday,True,False,False,483,27.9,Cold Drink,37,43,36,7,16.28,20
2024-09-08,Sunday,True,False,False,483,27.9,Veg Puff,16,16,16,0,0.0,18
2024-09-08,Sunday,True,False,False,483,27.9,Maggi,28,32,29,3,9.38,30
2024-09-09,Monday,False,False,False,959,26.5,Samosa,124,116,116,0,0.0,12
2024-09-09,Monday,False,False,False,959,26.5,Vada Pav,111,139,118,21,15.11,15
2024-09-09,Monday,False,False,False,959,26.5,Sandwich,87,117,86,31,26.5,40
2024-09-09,Monday,False,False,False,959,26.5,Tea,174,199,180,19,9.55,8
2024-09-09,Monday,False,False,False,959,26.5,Coffee,128,143,129,14,9.79,15
2024-09-09,Monday,False,False,False,959,26.5,Cold Drink,114,128,106,22,17.19,20
2024-09-09,Monday,False,False,False,959,26.5,Veg Puff,95,102,95,7,6.86,18
2024-09-09,Monday,False,False,False,959,26.5,Maggi,76,80,72,8,10.0,30
2024-09-10,Tuesday,False,False,False,938,24.4,Samosa,121,143,119,24,16.78,12
2024-09-10,Tuesday,False,False,False,938,24.4,Vada Pav,84,116,84,32,27.59,15
2024-09-10,Tuesday,False,False,False,938,24.4,Sandwich,100,111,95,16,14.41,40
2024-09-10,Tuesday,False,False,False,938,24.4,Tea,163,182,153,29,15.93,8
2024-09-10,Tuesday,False,False,False,938,24.4,Coffee,132,139,119,20,14.39,15
2024-09-10,Tuesday,False,False,False,938,24.4,Cold Drink,103,110,99,11,10.0,20
2024-09-10,Tuesday,False,False,False,938,24.4,Veg Puff,64,90,59,31,34.44,18
2024-09-10,Tuesday,False,False,False,938,24.4,Maggi,68,87,69,18,20.69,30
2024-09-11,Wednesday,False,False,False,891,24.6,Samosa,109,128,104,24,18.75,12
2024-09-11,Wednesday,False,False,False,891,24.6,Vada Pav,95,118,99,19,16.1,15
2024-09-11,Wednesday,False,False,False,891,24.6,Sandwich,73,108,75,33,30.56,40
2024-09-11,Wednesday,False,False,False,891,24.6,Tea,150,197,167,30,15.23,8
2024-09-11,Wednesday,False,False,False,891,24.6,Coffee,94,104,82,22,21.15,15
2024-09-11,Wednesday,False,False,False,891,24.6,Cold Drink,89,107,88,19,17.76,20
2024-09-11,Wednesday,False,False,False,891,24.6,Veg Puff,69,58,58,0,0.0,18
2024-09-11,Wednesday,False,False,False,891,24.6,Maggi,73,77,74,3,3.9,30
2024-09-12,Thursday,False,False,False,664,28.9,Samosa,83,85,79,6,7.06,12
2024-09-12,Thursday,False,False,False,664,28.9,Vada Pav,66,79,61,18,22.78,15
2024-09-12,Thursday,False,False,False,664,28.9,Sandwich,59,67,55,12,17.91,40
2024-09-12,Thursday,False,False,False,664,28.9,Tea,124,126,119,7,5.56,8
2024-09-12,Thursday,False,False,False,664,28.9,Coffee,60,85,61,24,28.24,15
2024-09-12,Thursday,False,False,False,664,28.9,Cold Drink,70,92,70,22,23.91,20
2024-09-12,Thursday,False,False,False,664,28.9,Veg Puff,57,62,54,8,12.9,18
2024-09-12,Thursday,False,False,False,664,28.9,Maggi,50,53,53,0,0.0,30
2024-09-13,Friday,False,False,False,709,31.1,Samosa,93,111,96,15,13.51,12
2024-09-13,Friday,False,False,False,709,31.1,Vada Pav,68,87,58,29,33.33,15
2024-09-13,Friday,False,False,False,709,31.1,Sandwich,60,60,56,4,6.67,40
2024-09-13,Friday,False,False,False,709,31.1,Tea,93,112,96,16,14.29,8
2024-09-13,Friday,False,False,False,709,31.1,Coffee,73,76,74,2,2.63,15
2024-09-13,Friday,False,False,False,709,31.1,Cold Drink,93,120,96,24,20.0,20
2024-09-13,Friday,False,False,False,709,31.1,Veg Puff,59,59,57,2,3.39,18
2024-09-13,Friday,False,False,False,709,31.1,Maggi,47,51,47,4,7.84,30
2024-09-14,Saturday,True,False,False,535,27.9,Samosa,50,58,48,10,17.24,12
2024-09-14,Saturday,True,False,False,535,27.9,Vada Pav,30,26,26,0,0.0,15
2024-09-14,Saturday,True,False,False,535,27.9,Sandwich,39,40,38,2,5.0,40
2024-09-14,Saturday,True,False,False,535,27.9,Tea,63,77,59,18,23.38,8
2024-09-14,Saturday,True,False,False,535,27.9,Coffee,52,68,49,19,27.94,15
2024-09-14,Saturday,True,False,False,535,27.9,Cold Drink,35,46,34,12,26.09,20
2024-09-14,Saturday,True,False,False,535,27.9,Veg Puff,14,13,13,0,0.0,18
2024-09-14,Saturday,True,False,False,535,27.9,Maggi,19,20,19,1,5.0,30
2024-09-15,Sunday,True,False,False,573,27.4,Samosa,66,90,70,20,22.22,12
2024-09-15,Sunday,True,False,False,573,27.4,Vada Pav,45,38,38,0,0.0,15
2024-09-15,Sunday,True,False,False,573,27.4,Sandwich,46,52,50,2,3.85,40
2024-09-15,Sunday,True,False,False,573,27.4,Tea,74,91,78,13,14.29,8
2024-09-15,Sunday,True,False,False,573,27.4,Coffee,49,38,38,0,0.0,15
2024-09-15,Sunday,True,False,False,573,27.4,Cold Drink,55,56,54,2,3.57,20
2024-09-15,Sunday,True,False,False,573,27.4,Veg Puff,25,35,27,8,22.86,18
2024-09-15,Sunday,True,False,False,573,27.4,Maggi,23,26,22,4,15.38,30
2024-09-16,Monday,False,False,False,992,29.0,Samosa,142,170,162,8,4.71,12
2024-09-16,Monday,False,False,False,992,29.0,Vada Pav,94,83,83,0,0.0,15
2024-09-16,Monday,False,False,False,992,29.0,Sandwich,80,74,74,0,0.0,40
2024-09-16,Monday,False,False,False,992,29.0,Tea,131,131,131,0,0.0,8
2024-09-16,Monday,False,False,False,992,29.0,Coffee,101,113,105,8,7.08,15
2024-09-16,Monday,False,False,False,992,29.0,Cold Drink,112,124,114,10,8.06,20
2024-09-16,Monday,False,False,False,992,29.0,Veg Puff,68,53,53,0,0.0,18
2024-09-16,Monday,False,False,False,992,29.0,Maggi,74,108,74,34,31.48,30
2024-09-17,Tuesday,False,False,False,1022,27.6,Samosa,139,194,124,70,36.08,12
2024-09-17,Tuesday,False,False,False,1022,27.6,Vada Pav,111,163,112,51,31.29,15
2024-09-17,Tuesday,False,False,False,1022,27.6,Sandwich,110,116,109,7,6.03,40
2024-09-17,Tuesday,False,False,False,1022,27.6,Tea,157,128,128,0,0.0,8
2024-09-17,Tuesday,False,False,False,1022,27.6,Coffee,103,131,107,24,18.32,15
2024-09-17,Tuesday,False,False,False,1022,27.6,Cold Drink,118,150,117,33,22.0,20
2024-09-17,Tuesday,False,False,False,1022,27.6,Veg Puff,94,108,94,14,12.96,18
2024-09-17,Tuesday,False,False,False,1022,27.6,Maggi,72,90,70,20,22.22,30
2024-09-18,Wednesday,False,False,False,1046,25.7,Samosa,126,157,125,32,20.38,12
2024-09-18,Wednesday,False,False,False,1046,25.7,Vada Pav,106,136,102,34,25.0,15
2024-09-18,Wednesday,False,False,False,1046,25.7,Sandwich,97,131,104,27,20.61,40
2024-09-18,Wednesday,False,False,False,1046,25.7,Tea,194,214,205,9,4.21,8
2024-09-18,Wednesday,False,False,False,1046,25.7,Coffee,114,115,100,15,13.04,15
2024-09-18,Wednesday,False,False,False,1046,25.7,Cold Drink,123,125,122,3,2.4,20
2024-09-18,Wednesday,False,False,False,1046,25.7,Veg Puff,80,100,78,22,22.0,18
2024-09-18,Wednesday,False,False,False,1046,25.7,Maggi,67,81,62,19,23.46,30
2024-09-19,Thursday,False,False,False,774,23.8,Samosa,86,101,77,24,23.76,12
2024-09-19,Thursday,False,False,False,774,23.8,Vada Pav,67,77,65,12,15.58,15
2024-09-19,Thursday,False,False,False,774,23.8,Sandwich,90,128,86,42,32.81,40
2024-09-19,Thursday,False,False,False,774,23.8,Tea,142,179,137,42,23.46,8
2024-09-19,Thursday,False,False,False,774,23.8,Coffee,81,93,80,13,13.98,15
2024-09-19,Thursday,False,False,False,774,23.8,Cold Drink,68,82,65,17,20.73,20
2024-09-19,Thursday,False,False,False,774,23.8,Veg Puff,55,64,56,8,12.5,18
2024-09-19,Thursday,False,False,False,774,23.8,Maggi,48,61,43,18,29.51,30
2024-09-20,Friday,False,False,False,813,27.5,Samosa,100,106,106,0,0.0,12
2024-09-20,Friday,False,False,False,813,27.5,Vada Pav,77,116,78,38,32.76,15
2024-09-20,Friday,False,False,False,813,27.5,Sandwich,77,94,86,8,8.51,40
2024-09-20,Friday,False,False,False,813,27.5,Tea,110,108,105,3,2.78,8
2024-09-20,Friday,False,False,False,813,27.5,Coffee,92,81,81,0,0.0,15
2024-09-20,Friday,False,False,False,813,27.5,Cold Drink,106,124,104,20,16.13,20
2024-09-20,Friday,False,False,False,813,27.5,Veg Puff,63,80,60,20,25.0,18
2024-09-20,Friday,False,False,False,813,27.5,Maggi,70,100,70,30,30.0,30
2024-09-21,Saturday,True,False,False,499,30.1,Samosa,59,60,57,3,5.0,12
2024-09-21,Saturday,True,False,False,499,30.1,Vada Pav,24,29,24,5,17.24,15
2024-09-21,Saturday,True,False,False,499,30.1,Sandwich,21,22,19,3,13.64,40
2024-09-21,Saturday,True,False,False,499,30.1,Tea,35,43,33,10,23.26,8
2024-09-21,Saturday,True,False,False,499,30.1,Coffee,32,28,28,0,0.0,15
2024-09-21,Saturday,True,False,False,499,30.1,Cold Drink,43,44,42,2,4.55,20
2024-09-21,Saturday,True,False,False,499,30.1,Veg Puff,30,30,27,3,10.0,18
2024-09-21,Saturday,True,False,False,499,30.1,Maggi,36,37,35,2,5.41,30
2024-09-22,Sunday,True,False,False,550,35.1,Samosa,36,43,34,9,20.93,12
2024-09-22,Sunday,True,False,False,550,35.1,Vada Pav,35,36,33,3,8.33,15
2024-09-22,Sunday,True,False,False,550,35.1,Sandwich,36,33,33,0,0.0,40
2024-09-22,Sunday,True,False,False,550,35.1,Tea,45,54,43,11,20.37,8
2024-09-22,Sunday,True,False,False,550,35.1,Coffee,28,33,26,7,21.21,15
2024-09-22,Sunday,True,False,False,550,35.1,Cold Drink,54,55,51,4,7.27,20
2024-09-22,Sunday,True,False,False,550,35.1,Veg Puff,16,21,15,6,28.57,18
2024-09-22,Sunday,True,False,False,550,35.1,Maggi,35,45,32,13,28.89,30
2024-09-23,Monday,False,False,False,736,33.1,Samosa,119,136,120,16,11.76,12
2024-09-23,Monday,False,False,False,736,33.1,Vada Pav,71,86,68,18,20.93,15
2024-09-23,Monday,False,False,False,736,33.1,Sandwich,52,49,49,0,0.0,40
2024-09-23,Monday,False,False,False,736,33.1,Tea,75,85,70,15,17.65,8
2024-09-23,Monday,False,False,False,736,33.1,Coffee,59,75,59,16,21.33,15
2024-09-23,Monday,False,False,False,736,33.1,Cold Drink,103,132,105,27,20.45,20
2024-09-23,Monday,False,False,False,736,33.1,Veg Puff,72,77,70,7,9.09,18
2024-09-23,Monday,False,False,False,736,33.1,Maggi,44,47,46,1,2.13,30
2024-09-24,Tuesday,False,False,False,1094,29.9,Samosa,124,162,112,50,30.86,12
2024-09-24,Tuesday,False,False,False,1094,29.9,Vada Pav,124,135,128,7,5.19,15
2024-09-24,Tuesday,False,False,False,1094,29.9,Sandwich,91,120,84,36,30.0,40
2024-09-24,Tuesday,False,False,False,1094,29.9,Tea,145,145,132,13,8.97,8
2024-09-24,Tuesday,False,False,False,1094,29.9,Coffee,115,163,130,33,20.25,15
2024-09-24,Tuesday,False,False,False,1094,29.9,Cold Drink,137,180,138,42,23.33,20
2024-09-24,Tuesday,False,False,False,1094,29.9,Veg Puff,94,103,94,9,8.74,18
2024-09-24,Tuesday,False,False,False,1094,29.9,Maggi,82,87,81,6,6.9,30
2024-09-25,Wednesday,False,False,False,891,29.7,Samosa,106,121,116,5,4.13,12
2024-09-25,Wednesday,False,False,False,891,29.7,Vada Pav,105,141,105,36,25.53,15
2024-09-25,Wednesday,False,False,False,891,29.7,Sandwich,86,111,92,19,17.12,40
2024-09-25,Wednesday,False,False,False,891,29.7,Tea,98,93,93,0,0.0,8
2024-09-25,Wednesday,False,False,False,891,29.7,Coffee,90,94,84,10,10.64,15
2024-09-25,Wednesday,False,False,False,891,29.7,Cold Drink,104,97,97,0,0.0,20
2024-09-25,Wednesday,False,False,False,891,29.7,Veg Puff,74,84,76,8,9.52,18
2024-09-25,Wednesday,False,False,False,891,29.7,Maggi,70,90,73,17,18.89,30
2024-09-26,Thursday,False,False,False,805,27.4,Samosa,116,124,115,9,7.26,12
2024-09-26,Thursday,False,False,False,805,27.4,Vada Pav,88,111,80,31,27.93,15
2024-09-26,Thursday,False,False,False,805,27.4,Sandwich,82,91,84,7,7.69,40
2024-09-26,Thursday,False,False,False,805,27.4,Tea,136,189,145,44,23.28,8
2024-09-26,Thursday,False,False,False,805,27.4,Coffee,106,144,107,37,25.69,15
2024-09-26,Thursday,False,False,False,805,27.4,Cold Drink,90,115,93,22,19.13,20
2024-09-26,Thursday,False,False,False,805,27.4,Veg Puff,64,77,63,14,18.18,18
2024-09-26,Thursday,False,False,False,805,27.4,Maggi,52,69,52,17,24.64,30
2024-09-27,Friday,False,False,False,1207,24.7,Samosa,154,177,162,15,8.47,12
2024-09-27,Friday,False,False,False,1207,24.7,Vada Pav,131,156,123,33,21.15,15
2024-09-27,Friday,False,False,False,1207,24.7,Sandwich,104,124,96,28,22.58,40
2024-09-27,Friday,False,False,False,1207,24.7,Tea,194,237,184,53,22.36,8
2024-09-27,Friday,False,False,False,1207,24.7,Coffee,166,221,152,69,31.22,15
2024-09-27,Friday,False,False,False,1207,24.7,Cold Drink,110,88,88,0,0.0,20
2024-09-27,Friday,False,False,False,1207,24.7,Veg Puff,106,115,108,7,6.09,18
2024-09-27,Friday,False,False,False,1207,24.7,Maggi,77,97,74,23,23.71,30
2024-09-28,Saturday,True,False,False,500,27.8,Samosa,31,30,30,0,0.0,12
2024-09-28,Saturday,True,False,False,500,27.8,Vada Pav,40,52,40,12,23.08,15
2024-09-28,Saturday,True,False,False,500,27.8,Sandwich,34,30,30,0,0.0,40
2024-09-28,Saturday,True,False,False,500,27.8,Tea,52,75,53,22,29.33,8
2024-09-28,Saturday,True,False,False,500,27.8,Coffee,56,69,54,15,21.74,15
2024-09-28,Saturday,True,False,False,500,27.8,Cold Drink,40,47,38,9,19.15,20
2024-09-28,Saturday,True,False,False,500,27.8,Veg Puff,26,29,28,1,3.45,18
2024-09-28,Saturday,True,False,False,500,27.8,Maggi,11,14,10,4,28.57,30
2024-09-29,Sunday,True,False,False,431,30.4,Samosa,49,65,50,15,23.08,12
2024-09-29,Sunday,True,False,False,431,30.4,Vada Pav,51,62,50,12,19.35,15
2024-09-29,Sunday,True,False,False,431,30.4,Sandwich,31,41,29,12,29.27,40
2024-09-29,Sunday,True,False,False,431,30.4,Tea,32,35,28,7,20.0,8
2024-09-29,Sunday,True,False,False,431,30.4,Coffee,32,27,27,0,0.0,15
2024-09-29,Sunday,True,False,False,431,30.4,Cold Drink,46,49,49,0,0.0,20
2024-09-29,Sunday,True,False,False,431,30.4,Veg Puff,14,18,14,4,22.22,18
2024-09-29,Sunday,True,False,False,431,30.4,Maggi,10,15,9,6,40.0,30
2024-09-30,Monday,False,False,False,768,25.2,Samosa,99,111,99,12,10.81,12
2024-09-30,Monday,False,False,False,768,25.2,Vada Pav,78,97,76,21,21.65,15
2024-09-30,Monday,False,False,False,768,25.2,Sandwich,56,63,49,14,22.22,40
2024-09-30,Monday,False,False,False,768,25.2,Tea,132,132,132,0,0.0,8
2024-09-30,Monday,False,False,False,768,25.2,Coffee,107,107,107,0,0.0,15
2024-09-30,Monday,False,False,False,768,25.2,Cold Drink,73,103,71,32,31.07,20
2024-09-30,Monday,False,False,False,768,25.2,Veg Puff,57,71,55,16,22.54,18
2024-09-30,Monday,False,False,False,768,25.2,Maggi,49,52,48,4,7.69,30
2024-10-01,Tuesday,False,False,False,1101,25.1,Samosa,147,182,148,34,18.68,12
2024-10-01,Tuesday,False,False,False,1101,25.1,Vada Pav,128,145,126,19,13.1,15
2024-10-01,Tuesday,False,False,False,1101,25.1,Sandwich,109,126,106,20,15.87,40
2024-10-01,Tuesday,False,False,False,1101,25.1,Tea,190,199,184,15,7.54,8
2024-10-01,Tuesday,False,False,False,1101,25.1,Coffee,128,173,107,66,38.15,15
2024-10-01,Tuesday,False,False,False,1101,25.1,Cold Drink,114,131,104,27,20.61,20
2024-10-01,Tuesday,False,False,False,1101,25.1,Veg Puff,94,114,96,18,15.79,18
2024-10-01,Tuesday,False,False,False,1101,25.1,Maggi,62,84,59,25,29.76,30
2024-10-02,Wednesday,False,True,False,220,30.5,Samosa,1,1,0,1,100.0,12
2024-10-02,Wednesday,False,True,False,220,30.5,Vada Pav,1,1,0,1,100.0,15
2024-10-02,Wednesday,False,True,False,220,30.5,Sandwich,1,1,1,0,0.0,40
2024-10-02,Wednesday,False,True,False,220,30.5,Tea,8,9,6,3,33.33,8
2024-10-02,Wednesday,False,True,False,220,30.5,Coffee,1,1,1,0,0.0,15
2024-10-02,Wednesday,False,True,False,220,30.5,Cold Drink,7,9,7,2,22.22,20
2024-10-02,Wednesday,False,True,False,220,30.5,Veg Puff,1,1,0,1,100.0,18
2024-10-02,Wednesday,False,True,False,220,30.5,Maggi,8,10,8,2,20.0,30
2024-10-03,Thursday,False,False,False,1078,27.1,Samosa,138,143,140,3,2.1,12
2024-10-03,Thursday,False,False,False,1078,27.1,Vada Pav,110,138,104,34,24.64,15
2024-10-03,Thursday,False,False,False,1078,27.1,Sandwich,102,127,91,36,28.35,40
2024-10-03,Thursday,False,False,False,1078,27.1,Tea,200,221,179,42,19.0,8
2024-10-03,Thursday,False,False,False,1078,27.1,Coffee,125,144,124,20,13.89,15
2024-10-03,Thursday,False,False,False,1078,27.1,Cold Drink,127,160,128,32,20.0,20
2024-10-03,Thursday,False,False,False,1078,27.1,Veg Puff,93,105,101,4,3.81,18
2024-10-03,Thursday,False,False,False,1078,27.1,Maggi,68,79,68,11,13.92,30
2024-10-04,Friday,False,False,False,1021,27.3,Samosa,115,134,116,18,13.43,12
2024-10-04,Friday,False,False,False,1021,27.3,Vada Pav,121,116,116,0,0.0,15
2024-10-04,Friday,False,False,False,1021,27.3,Sandwich,116,126,108,18,14.29,40
2024-10-04,Friday,False,False,False,1021,27.3,Tea,152,175,156,19,10.86,8
2024-10-04,Friday,False,False,False,1021,27.3,Coffee,109,150,102,48,32.0,15
2024-10-04,Friday,False,False,False,1021,27.3,Cold Drink,98,128,86,42,32.81,20
2024-10-04,Friday,False,False,False,1021,27.3,Veg Puff,83,134,82,52,38.81,18
2024-10-04,Friday,False,False,False,1021,27.3,Maggi,66,75,65,10,13.33,30
2024-10-05,Saturday,True,False,False,508,30.3,Samosa,34,47,34,13,27.66,12
2024-10-05,Saturday,True,False,False,508,30.3,Vada Pav,44,46,46,0,0.0,15
2024-10-05,Saturday,True,False,False,508,30.3,Sandwich,31,36,29,7,19.44,40
2024-10-05,Saturday,True,False,False,508,30.3,Tea,34,42,33,9,21.43,8
2024-10-05,Saturday,True,False,False,508,30.3,Coffee,27,28,27,1,3.57,15
2024-10-05,Saturday,True,False,False,508,30.3,Cold Drink,39,44,39,5,11.36,20
2024-10-05,Saturday,True,False,False,508,30.3,Veg Puff,15,13,13,0,0.0,18
2024-10-05,Saturday,True,False,False,508,30.3,Maggi,20,26,20,6,23.08,30
2024-10-06,Sunday,True,False,False,535,32.6,Samosa,48,59,46,13,22.03,12
2024-10-06,Sunday,True,False,False,535,32.6,Vada Pav,62,89,62,27,30.34,15
2024-10-06,Sunday,True,False,False,535,32.6,Sandwich,38,51,37,14,27.45,40
2024-10-06,Sunday,True,False,False,535,32.6,Tea,38,48,38,10,20.83,8
2024-10-06,Sunday,True,False,False,535,32.6,Coffee,37,37,33,4,10.81,15
2024-10-06,Sunday,True,False,False,535,32.6,Cold Drink,53,68,52,16,23.53,20
2024-10-06,Sunday,True,False,False,535,32.6,Veg Puff,41,42,38,4,9.52,18
2024-10-06,Sunday,True,False,False,535,32.6,Maggi,26,29,27,2,6.9,30
2024-10-07,Monday,False,False,False,783,31.7,Samosa,128,146,135,11,7.53,12
2024-10-07,Monday,False,False,False,783,31.7,Vada Pav,72,94,75,19,20.21,15
2024-10-07,Monday,False,False,False,783,31.7,Sandwich,81,92,69,23,25.0,40
2024-10-07,Monday,False,False,False,783,31.7,Tea,94,99,89,10,10.1,8
2024-10-07,Monday,False,False,False,783,31.7,Coffee,77,83,73,10,12.05,15
2024-10-07,Monday,False,False,False,783,31.7,Cold Drink,95,99,99,0,0.0,20
2024-10-07,Monday,False,False,False,783,31.7,Veg Puff,60,64,58,6,9.38,18
2024-10-07,Monday,False,False,False,783,31.7,Maggi,58,70,49,21,30.0,30
2024-10-08,Tuesday,False,False,False,1053,31.9,Samosa,127,127,124,3,2.36,12
2024-10-08,Tuesday,False,False,False,1053,31.9,Vada Pav,103,121,92,29,23.97,15
2024-10-08,Tuesday,False,False,False,1053,31.9,Sandwich,89,122,84,38,31.15,40
2024-10-08,Tuesday,False,False,False,1053,31.9,Tea,157,188,142,46,24.47,8
2024-10-08,Tuesday,False,False,False,1053,31.9,Coffee,109,123,106,17,13.82,15
2024-10-08,Tuesday,False,False,False,1053,31.9,Cold Drink,143,174,148,26,14.94,20
2024-10-08,Tuesday,False,False,False,1053,31.9,Veg Puff,96,116,89,27,23.28,18
2024-10-08,Tuesday,False,False,False,1053,31.9,Maggi,72,114,74,40,35.09,30
2024-10-09,Wednesday,False,False,False,1255,31.8,Samosa,170,203,169,34,16.75,12
2024-10-09,Wednesday,False,False,False,1255,31.8,Vada Pav,115,132,121,11,8.33,15
2024-10-09,Wednesday,False,False,False,1255,31.8,Sandwich,113,136,117,19,13.97,40
2024-10-09,Wednesday,False,False,False,1255,31.8,Tea,152,164,144,20,12.2,8
2024-10-09,Wednesday,False,False,False,1255,31.8,Coffee,113,108,107,1,0.93,15
2024-10-09,Wednesday,False,False,False,1255,31.8,Cold Drink,180,182,181,1,0.55,20
2024-10-09,Wednesday,False,False,False,1255,31.8,Veg Puff,100,132,106,26,19.7,18
2024-10-09,Wednesday,False,False,False,1255,31.8,Maggi,96,114,94,20,17.54,30
2024-10-10,Thursday,False,False,False,721,32.9,Samosa,87,108,91,17,15.74,12
2024-10-10,Thursday,False,False,False,721,32.9,Vada Pav,70,91,72,19,20.88,15
2024-10-10,Thursday,False,False,False,721,32.9,Sandwich,82,88,76,12,13.64,40
2024-10-10,Thursday,False,False,False,721,32.9,Tea,84,99,84,15,15.15,8
2024-10-10,Thursday,False,False,False,721,32.9,Coffee,62,53,53,0,0.0,15
2024-10-10,Thursday,False,False,False,721,32.9,Cold Drink,118,143,121,22,15.38,20
2024-10-10,Thursday,False,False,False,721,32.9,Veg Puff,64,77,66,11,14.29,18
2024-10-10,Thursday,False,False,False,721,32.9,Maggi,54,59,51,8,13.56,30
2024-10-11,Friday,False,False,False,862,29.6,Samosa,111,132,113,19,14.39,12
2024-10-11,Friday,False,False,False,862,29.6,Vada Pav,98,131,98,33,25.19,15
2024-10-11,Friday,False,False,False,862,29.6,Sandwich,70,76,70,6,7.89,40
2024-10-11,Friday,False,False,False,862,29.6,Tea,96,130,96,34,26.15,8
2024-10-11,Friday,False,False,False,862,29.6,Coffee,94,127,91,36,28.35,15
2024-10-11,Friday,False,False,False,862,29.6,Cold Drink,111,125,109,16,12.8,20
2024-10-11,Friday,False,False,False,862,29.6,Veg Puff,66,92,64,28,30.43,18
2024-10-11,Friday,False,False,False,862,29.6,Maggi,66,57,57,0,0.0,30
2024-10-12,Saturday,True,False,False,552,29.2,Samosa,48,58,53,5,8.62,12
2024-10-12,Saturday,True,False,False,552,29.2,Vada Pav,24,30,22,8,26.67,15
2024-10-12,Saturday,True,False,False,552,29.2,Sandwich,36,40,35,5,12.5,40
2024-10-12,Saturday,True,False,False,552,29.2,Tea,56,54,54,0,0.0,8
2024-10-12,Saturday,True,False,False,552,29.2,Coffee,21,25,20,5,20.0,15
2024-10-12,Saturday,True,False,False,552,29.2,Cold Drink,36,42,33,9,21.43,20
2024-10-12,Saturday,True,False,False,552,29.2,Veg Puff,32,29,29,0,0.0,18
2024-10-12,Saturday,True,False,False,552,29.2,Maggi,21,22,21,1,4.55,30
2024-10-13,Sunday,True,False,False,461,28.9,Samosa,24,29,26,3,10.34,12
2024-10-13,Sunday,True,False,False,461,28.9,Vada Pav,60,69,62,7,10.14,15
2024-10-13,Sunday,True,False,False,461,28.9,Sandwich,15,20,15,5,25.0,40
2024-10-13,Sunday,True,False,False,461,28.9,Tea,40,53,39,14,26.42,8
2024-10-13,Sunday,True,False,False,461,28.9,Coffee,29,35,27,8,22.86,15
2024-10-13,Sunday,True,False,False,461,28.9,Cold Drink,47,46,44,2,4.35,20
2024-10-13,Sunday,True,False,False,461,28.9,Veg Puff,20,25,19,6,24.0,18
2024-10-13,Sunday,True,False,False,461,28.9,Maggi,14,14,13,1,7.14,30
2024-10-14,Monday,False,False,False,722,26.7,Samosa,121,123,119,4,3.25,12
2024-10-14,Monday,False,False,False,722,26.7,Vada Pav,72,78,74,4,5.13,15
2024-10-14,Monday,False,False,False,722,26.7,Sandwich,76,83,71,12,14.46,40
2024-10-14,Monday,False,False,False,722,26.7,Tea,133,151,144,7,4.64,8
2024-10-14,Monday,False,False,False,722,26.7,Coffee,59,69,64,5,7.25,15
2024-10-14,Monday,False,False,False,722,26.7,Cold Drink,75,83,76,7,8.43,20
2024-10-14,Monday,False,False,False,722,26.7,Veg Puff,55,60,54,6,10.0,18
2024-10-14,Monday,False,False,False,722,26.7,Maggi,48,64,49,15,23.44,30
2024-10-15,Tuesday,False,False,False,937,30.6,Samosa,121,125,117,8,6.4,12
2024-10-15,Tuesday,False,False,False,937,30.6,Vada Pav,98,97,95,2,2.06,15
2024-10-15,Tuesday,False,False,False,937,30.6,Sandwich,84,123,72,51,41.46,40
2024-10-15,Tuesday,False,False,False,937,30.6,Tea,127,178,127,51,28.65,8
2024-10-15,Tuesday,False,False,False,937,30.6,Coffee,103,119,99,20,16.81,15
2024-10-15,Tuesday,False,False,False,937,30.6,Cold Drink,99,116,95,21,18.1,20
2024-10-15,Tuesday,False,False,False,937,30.6,Veg Puff,72,77,77,0,0.0,18
2024-10-15,Tuesday,False,False,False,937,30.6,Maggi,83,98,81,17,17.35,30
2024-10-16,Wednesday,False,False,False,723,29.9,Samosa,117,130,103,27,20.77,12
2024-10-16,Wednesday,False,False,False,723,29.9,Vada Pav,82,106,75,31,29.25,15
2024-10-16,Wednesday,False,False,False,723,29.9,Sandwich,69,84,68,16,19.05,40
2024-10-16,Wednesday,False,False,False,723,29.9,Tea,90,117,88,29,24.79,8
2024-10-16,Wednesday,False,False,False,723,29.9,Coffee,58,48,48,0,0.0,15
2024-10-16,Wednesday,False,False,False,723,29.9,Cold Drink,95,110,92,18,16.36,20
2024-10-16,Wednesday,False,False,False,723,29.9,Veg Puff,56,55,54,1,1.82,18
2024-10-16,Wednesday,False,False,False,723,29.9,Maggi,38,39,37,2,5.13,30
2024-10-17,Thursday,False,False,False,991,28.9,Samosa,141,190,148,42,22.11,12
2024-10-17,Thursday,False,False,False,991,28.9,Vada Pav,109,125,103,22,17.6,15
2024-10-17,Thursday,False,False,False,991,28.9,Sandwich,99,138,100,38,27.54,40
2024-10-17,Thursday,False,False,False,991,28.9,Tea,174,160,160,0,0.0,8
2024-10-17,Thursday,False,False,False,991,28.9,Coffee,116,137,123,14,10.22,15
2024-10-17,Thursday,False,False,False,991,28.9,Cold Drink,118,120,116,4,3.33,20
2024-10-17,Thursday,False,False,False,991,28.9,Veg Puff,71,69,69,0,0.0,18
2024-10-17,Thursday,False,False,False,991,28.9,Maggi,77,92,70,22,23.91,30
2024-10-18,Friday,False,False,False,846,26.6,Samosa,126,133,119,14,10.53,12
2024-10-18,Friday,False,False,False,846,26.6,Vada Pav,89,93,93,0,0.0,15
2024-10-18,Friday,False,False,False,846,26.6,Sandwich,73,68,65,3,4.41,40
2024-10-18,Friday,False,False,False,846,26.6,Tea,133,141,123,18,12.77,8
2024-10-18,Friday,False,False,False,846,26.6,Coffee,111,138,110,28,20.29,15
2024-10-18,Friday,False,False,False,846,26.6,Cold Drink,103,128,98,30,23.44,20
2024-10-18,Friday,False,False,False,846,26.6,Veg Puff,62,78,63,15,19.23,18
2024-10-18,Friday,False,False,False,846,26.6,Maggi,62,63,63,0,0.0,30
2024-10-19,Saturday,True,False,False,462,28.8,Samosa,60,63,55,8,12.7,12
2024-10-19,Saturday,True,False,False,462,28.8,Vada Pav,24,31,24,7,22.58,15
2024-10-19,Saturday,True,False,False,462,28.8,Sandwich,29,31,29,2,6.45,40
2024-10-19,Saturday,True,False,False,462,28.8,Tea,35,41,33,8,19.51,8
2024-10-19,Saturday,True,False,False,462,28.8,Coffee,25,26,24,2,7.69,15
2024-10-19,Saturday,True,False,False,462,28.8,Cold Drink,38,45,30,15,33.33,20
2024-10-19,Saturday,True,False,False,462,28.8,Veg Puff,20,21,21,0,0.0,18
2024-10-19,Saturday,True,False,False,462,28.8,Maggi,16,18,17,1,5.56,30
2024-10-20,Sunday,True,False,False,434,29.8,Samosa,30,32,28,4,12.5,12
2024-10-20,Sunday,True,False,False,434,29.8,Vada Pav,25,38,26,12,31.58,15
2024-10-20,Sunday,True,False,False,434,29.8,Sandwich,38,46,34,12,26.09,40
2024-10-20,Sunday,True,False,False,434,29.8,Tea,49,64,46,18,28.12,8
2024-10-20,Sunday,True,False,False,434,29.8,Coffee,42,52,45,7,13.46,15
2024-10-20,Sunday,True,False,False,434,29.8,Cold Drink,33,32,32,0,0.0,20
2024-10-20,Sunday,True,False,False,434,29.8,Veg Puff,36,31,31,0,0.0,18
2024-10-20,Sunday,True,False,False,434,29.8,Maggi,22,23,22,1,4.35,30
2024-10-21,Monday,False,False,False,1041,27.9,Samosa,116,168,110,58,34.52,12
2024-10-21,Monday,False,False,False,1041,27.9,Vada Pav,99,130,97,33,25.38,15
2024-10-21,Monday,False,False,False,1041,27.9,Sandwich,97,118,102,16,13.56,40
2024-10-21,Monday,False,False,False,1041,27.9,Tea,153,210,136,74,35.24,8
2024-10-21,Monday,False,False,False,1041,27.9,Coffee,124,126,126,0,0.0,15
2024-10-21,Monday,False,False,False,1041,27.9,Cold Drink,120,125,123,2,1.6,20
2024-10-21,Monday,False,False,False,1041,27.9,Veg Puff,93,115,88,27,23.48,18
2024-10-21,Monday,False,False,False,1041,27.9,Maggi,72,82,71,11,13.41,30
2024-10-22,Tuesday,False,False,False,1012,25.0,Samosa,138,152,132,20,13.16,12
2024-10-22,Tuesday,False,False,False,1012,25.0,Vada Pav,99,110,81,29,26.36,15
2024-10-22,Tuesday,False,False,False,1012,25.0,Sandwich,89,90,90,0,0.0,40
2024-10-22,Tuesday,False,False,False,1012,25.0,Tea,156,174,168,6,3.45,8
2024-10-22,Tuesday,False,False,False,1012,25.0,Coffee,134,172,130,42,24.42,15
2024-10-22,Tuesday,False,False,False,1012,25.0,Cold Drink,105,117,103,14,11.97,20
2024-10-22,Tuesday,False,False,False,1012,25.0,Veg Puff,87,92,92,0,0.0,18
2024-10-22,Tuesday,False,False,False,1012,25.0,Maggi,72,89,77,12,13.48,30
2024-10-23,Wednesday,False,False,False,1054,26.2,Samosa,145,185,151,34,18.38,12
2024-10-23,Wednesday,False,False,False,1054,26.2,Vada Pav,100,105,104,1,0.95,15
2024-10-23,Wednesday,False,False,False,1054,26.2,Sandwich,93,102,100,2,1.96,40
2024-10-23,Wednesday,False,False,False,1054,26.2,Tea,168,174,160,14,8.05,8
2024-10-23,Wednesday,False,False,False,1054,26.2,Coffee,127,120,120,0,0.0,15
2024-10-23,Wednesday,False,False,False,1054,26.2,Cold Drink,114,153,117,36,23.53,20
2024-10-23,Wednesday,False,False,False,1054,26.2,Veg Puff,82,108,80,28,25.93,18
2024-10-23,Wednesday,False,False,False,1054,26.2,Maggi,68,76,72,4,5.26,30
2024-10-24,Thursday,False,False,False,924,29.0,Samosa,142,132,132,0,0.0,12
2024-10-24,Thursday,False,False,False,924,29.0,Vada Pav,82,98,82,16,16.33,15
2024-10-24,Thursday,False,False,False,924,29.0,Sandwich,100,118,97,21,17.8,40
2024-10-24,Thursday,False,False,False,924,29.0,Tea,135,157,123,34,21.66,8
2024-10-24,Thursday,False,False,False,924,29.0,Coffee,129,158,130,28,17.72,15
2024-10-24,Thursday,False,False,False,924,29.0,Cold Drink,116,145,115,30,20.69,20
2024-10-24,Thursday,False,False,False,924,29.0,Veg Puff,72,89,73,16,17.98,18
2024-10-24,Thursday,False,False,False,924,29.0,Maggi,61,83,61,22,26.51,30
2024-10-25,Friday,False,False,False,1009,31.8,Samosa,134,160,139,21,13.12,12
2024-10-25,Friday,False,False,False,1009,31.8,Vada Pav,99,114,99,15,13.16,15
2024-10-25,Friday,False,False,False,1009,31.8,Sandwich,87,130,80,50,38.46,40
2024-10-25,Friday,False,False,False,1009,31.8,Tea,114,153,118,35,22.88,8
2024-10-25,Friday,False,False,False,1009,31.8,Coffee,86,106,92,14,13.21,15
2024-10-25,Friday,False,False,False,1009,31.8,Cold Drink,134,206,122,84,40.78,20
2024-10-25,Friday,False,False,False,1009,31.8,Veg Puff,89,117,92,25,21.37,18
2024-10-25,Friday,False,False,False,1009,31.8,Maggi,71,78,72,6,7.69,30
2024-10-26,Saturday,True,False,False,540,30.2,Samosa,62,61,61,0,0.0,12
2024-10-26,Saturday,True,False,False,540,30.2,Vada Pav,30,32,31,1,3.12,15
2024-10-26,Saturday,True,False,False,540,30.2,Sandwich,36,55,36,19,34.55,40
2024-10-26,Saturday,True,False,False,540,30.2,Tea,54,62,52,10,16.13,8
2024-10-26,Saturday,True,False,False,540,30.2,Coffee,38,50,38,12,24.0,15
2024-10-26,Saturday,True,False,False,540,30.2,Cold Drink,40,40,39,1,2.5,20
2024-10-26,Saturday,True,False,False,540,30.2,Veg Puff,32,42,29,13,30.95,18
2024-10-26,Saturday,True,False,False,540,30.2,Maggi,25,29,22,7,24.14,30
2024-10-27,Sunday,True,False,False,458,27.6,Samosa,33,38,32,6,15.79,12
2024-10-27,Sunday,True,False,False,458,27.6,Vada Pav,28,33,30,3,9.09,15
2024-10-27,Sunday,True,False,False,458,27.6,Sandwich,44,37,37,0,0.0,40
2024-10-27,Sunday,True,False,False,458,27.6,Tea,46,53,45,8,15.09,8
2024-10-27,Sunday,True,False,False,458,27.6,Coffee,37,43,35,8,18.6,15
2024-10-27,Sunday,True,False,False,458,27.6,Cold Drink,28,30,28,2,6.67,20
2024-10-27,Sunday,True,False,False,458,27.6,Veg Puff,31,39,30,9,23.08,18
2024-10-27,Sunday,True,False,False,458,27.6,Maggi,24,31,25,6,19.35,30
2024-10-28,Monday,False,False,False,891,28.6,Samosa,121,118,118,0,0.0,12
2024-10-28,Monday,False,False,False,891,28.6,Vada Pav,101,125,99,26,20.8,15
2024-10-28,Monday,False,False,False,891,28.6,Sandwich,86,88,88,0,0.0,40
2024-10-28,Monday,False,False,False,891,28.6,Tea,131,145,128,17,11.72,8
2024-10-28,Monday,False,False,False,891,28.6,Coffee,96,103,99,4,3.88,15
2024-10-28,Monday,False,False,False,891,28.6,Cold Drink,101,140,108,32,22.86,20
2024-10-28,Monday,False,False,False,891,28.6,Veg Puff,67,77,64,13,16.88,18
2024-10-28,Monday,False,False,False,891,28.6,Maggi,62,89,61,28,31.46,30
2024-10-29,Tuesday,False,False,False,954,30.1,Samosa,115,117,108,9,7.69,12
2024-10-29,Tuesday,False,False,False,954,30.1,Vada Pav,92,66,66,0,0.0,15
2024-10-29,Tuesday,False,False,False,954,30.1,Sandwich,107,125,99,26,20.8,40
2024-10-29,Tuesday,False,False,False,954,30.1,Tea,125,135,118,17,12.59,8
2024-10-29,Tuesday,False,False,False,954,30.1,Coffee,108,137,101,36,26.28,15
2024-10-29,Tuesday,False,False,False,954,30.1,Cold Drink,126,173,137,36,20.81,20
2024-10-29,Tuesday,False,False,False,954,30.1,Veg Puff,100,101,101,0,0.0,18
2024-10-29,Tuesday,False,False,False,954,30.1,Maggi,66,70,67,3,4.29,30
2024-10-30,Wednesday,False,False,False,812,29.8,Samosa,92,102,97,5,4.9,12
2024-10-30,Wednesday,False,False,False,812,29.8,Vada Pav,85,99,87,12,12.12,15
2024-10-30,Wednesday,False,False,False,812,29.8,Sandwich,86,77,77,0,0.0,40
2024-10-30,Wednesday,False,False,False,812,29.8,Tea,111,130,116,14,10.77,8
2024-10-30,Wednesday,False,False,False,812,29.8,Coffee,71,70,64,6,8.57,15
2024-10-30,Wednesday,False,False,False,812,29.8,Cold Drink,95,128,94,34,26.56,20
2024-10-30,Wednesday,False,False,False,812,29.8,Veg Puff,57,61,52,9,14.75,18
2024-10-30,Wednesday,False,False,False,812,29.8,Maggi,51,61,48,13,21.31,30
2024-10-31,Thursday,False,False,False,1066,28.9,Samosa,143,158,148,10,6.33,12
2024-10-31,Thursday,False,False,False,1066,28.9,Vada Pav,119,142,122,20,14.08,15
2024-10-31,Thursday,False,False,False,1066,28.9,Sandwich,98,120,96,24,20.0,40
2024-10-31,Thursday,False,False,False,1066,28.9,Tea,157,174,153,21,12.07,8
2024-10-31,Thursday,False,False,False,1066,28.9,Coffee,107,130,114,16,12.31,15
2024-10-31,Thursday,False,False,False,1066,28.9,Cold Drink,137,131,131,0,0.0,20
2024-10-31,Thursday,False,False,False,1066,28.9,Veg Puff,86,106,82,24,22.64,18
2024-10-31,Thursday,False,False,False,1066,28.9,Maggi,77,92,71,21,22.83,30
2024-11-01,Friday,False,False,True,860,31.7,Samosa,95,128,94,34,26.56,12
2024-11-01,Friday,False,False,True,860,31.7,Vada Pav,85,69,69,0,0.0,15
2024-11-01,Friday,False,False,True,860,31.7,Sandwich,81,89,73,16,17.98,40
2024-11-01,Friday,False,False,True,860,31.7,Tea,101,94,94,0,0.0,8
2024-11-01,Friday,False,False,True,860,31.7,Coffee,75,75,75,0,0.0,15
2024-11-01,Friday,False,False,True,860,31.7,Cold Drink,104,134,104,30,22.39,20
2024-11-01,Friday,False,False,True,860,31.7,Veg Puff,50,64,49,15,23.44,18
2024-11-01,Friday,False,False,True,860,31.7,Maggi,43,58,47,11,18.97,30
2024-11-02,Saturday,True,False,True,497,33.3,Samosa,47,51,45,6,11.76,12
2024-11-02,Saturday,True,False,True,497,33.3,Vada Pav,52,53,53,0,0.0,15
2024-11-02,Saturday,True,False,True,497,33.3,Sandwich,28,30,29,1,3.33,40
2024-11-02,Saturday,True,False,True,497,33.3,Tea,37,40,39,1,2.5,8
2024-11-02,Saturday,True,False,True,497,33.3,Coffee,49,61,47,14,22.95,15
2024-11-02,Saturday,True,False,True,497,33.3,Cold Drink,44,51,44,7,13.73,20
2024-11-02,Saturday,True,False,True,497,33.3,Veg Puff,21,26,21,5,19.23,18
2024-11-02,Saturday,True,False,True,497,33.3,Maggi,13,13,12,1,7.69,30
2024-11-03,Sunday,True,False,True,496,32.8,Samosa,49,50,49,1,2.0,12
2024-11-03,Sunday,True,False,True,496,32.8,Vada Pav,33,39,33,6,15.38,15
2024-11-03,Sunday,True,False,True,496,32.8,Sandwich,43,49,46,3,6.12,40
2024-11-03,Sunday,True,False,True,496,32.8,Tea,57,59,59,0,0.0,8
2024-11-03,Sunday,True,False,True,496,32.8,Coffee,36,36,36,0,0.0,15
2024-11-03,Sunday,True,False,True,496,32.8,Cold Drink,66,75,64,11,14.67,20
2024-11-03,Sunday,True,False,True,496,32.8,Veg Puff,27,33,28,5,15.15,18
2024-11-03,Sunday,True,False,True,496,32.8,Maggi,28,32,30,2,6.25,30
2024-11-04,Monday,False,False,True,768,31.1,Samosa,83,100,82,18,18.0,12
2024-11-04,Monday,False,False,True,768,31.1,Vada Pav,68,74,72,2,2.7,15
2024-11-04,Monday,False,False,True,768,31.1,Sandwich,55,57,57,0,0.0,40
2024-11-04,Monday,False,False,True,768,31.1,Tea,103,81,81,0,0.0,8
2024-11-04,Monday,False,False,True,768,31.1,Coffee,45,45,37,8,17.78,15
2024-11-04,Monday,False,False,True,768,31.1,Cold Drink,83,81,81,0,0.0,20
2024-11-04,Monday,False,False,True,768,31.1,Veg Puff,42,48,41,7,14.58,18
2024-11-04,Monday,False,False,True,768,31.1,Maggi,56,76,58,18,23.68,30
2024-11-05,Tuesday,False,False,True,767,33.0,Samosa,68,63,63,0,0.0,12
2024-11-05,Tuesday,False,False,True,767,33.0,Vada Pav,90,100,89,11,11.0,15
2024-11-05,Tuesday,False,False,True,767,33.0,Sandwich,49,63,51,12,19.05,40
2024-11-05,Tuesday,False,False,True,767,33.0,Tea,94,99,90,9,9.09,8
2024-11-05,Tuesday,False,False,True,767,33.0,Coffee,46,53,43,10,18.87,15
2024-11-05,Tuesday,False,False,True,767,33.0,Cold Drink,80,86,78,8,9.3,20
2024-11-05,Tuesday,False,False,True,767,33.0,Veg Puff,50,60,50,10,16.67,18
2024-11-05,Tuesday,False,False,True,767,33.0,Maggi,45,52,42,10,19.23,30
2024-11-06,Wednesday,False,False,True,810,29.3,Samosa,73,94,69,25,26.6,12
2024-11-06,Wednesday,False,False,True,810,29.3,Vada Pav,73,96,76,20,20.83,15
2024-11-06,Wednesday,False,False,True,810,29.3,Sandwich,65,71,68,3,4.23,40
2024-11-06,Wednesday,False,False,True,810,29.3,Tea,110,116,105,11,9.48,8
2024-11-06,Wednesday,False,False,True,810,29.3,Coffee,50,58,49,9,15.52,15
2024-11-06,Wednesday,False,False,True,810,29.3,Cold Drink,93,111,99,12,10.81,20
2024-11-06,Wednesday,False,False,True,810,29.3,Veg Puff,52,68,50,18,26.47,18
2024-11-06,Wednesday,False,False,True,810,29.3,Maggi,54,50,50,0,0.0,30
2024-11-07,Thursday,False,False,True,601,28.5,Samosa,73,78,69,9,11.54,12
2024-11-07,Thursday,False,False,True,601,28.5,Vada Pav,61,69,59,10,14.49,15
2024-11-07,Thursday,False,False,True,601,28.5,Sandwich,48,74,50,24,32.43,40
2024-11-07,Thursday,False,False,True,601,28.5,Tea,93,113,93,20,17.7,8
2024-11-07,Thursday,False,False,True,601,28.5,Coffee,29,30,28,2,6.67,15
2024-11-07,Thursday,False,False,True,601,28.5,Cold Drink,43,41,38,3,7.32,20
2024-11-07,Thursday,False,False,True,601,28.5,Veg Puff,42,53,44,9,16.98,18
2024-11-07,Thursday,False,False,True,601,28.5,Maggi,39,39,35,4,10.26,30
2024-11-08,Friday,False,False,True,624,26.5,Samosa,60,67,56,11,16.42,12
2024-11-08,Friday,False,False,True,624,26.5,Vada Pav,59,65,59,6,9.23,15
2024-11-08,Friday,False,False,True,624,26.5,Sandwich,59,57,57,0,0.0,40
2024-11-08,Friday,False,False,True,624,26.5,Tea,84,92,87,5,5.43,8
2024-11-08,Friday,False,False,True,624,26.5,Coffee,71,71,70,1,1.41,15
2024-11-08,Friday,False,False,True,624,26.5,Cold Drink,59,65,60,5,7.69,20
2024-11-08,Friday,False,False,True,624,26.5,Veg Puff,46,65,42,23,35.38,18
2024-11-08,Friday,False,False,True,624,26.5,Maggi,37,37,37,0,0.0,30
2024-11-09,Saturday,True,False,True,419,29.7,Samosa,31,32,28,4,12.5,12
2024-11-09,Saturday,True,False,True,419,29.7,Vada Pav,26,34,25,9,26.47,15
2024-11-09,Saturday,True,False,True,419,29.7,Sandwich,33,46,33,13,28.26,40
2024-11-09,Saturday,True,False,True,419,29.7,Tea,33,40,32,8,20.0,8
2024-11-09,Saturday,True,False,True,419,29.7,Coffee,25,23,23,0,0.0,15
2024-11-09,Saturday,True,False,True,419,29.7,Cold Drink,32,37,30,7,18.92,20
2024-11-09,Saturday,True,False,True,419,29.7,Veg Puff,27,27,26,1,3.7,18
2024-11-09,Saturday,True,False,True,419,29.7,Maggi,26,32,25,7,21.88,30
2024-11-10,Sunday,True,False,True,411,35.0,Samosa,59,74,56,18,24.32,12
2024-11-10,Sunday,True,False,True,411,35.0,Vada Pav,29,30,30,0,0.0,15
2024-11-10,Sunday,True,False,True,411,35.0,Sandwich,29,29,28,1,3.45,40
2024-11-10,Sunday,True,False,True,411,35.0,Tea,50,69,53,16,23.19,8
2024-11-10,Sunday,True,False,True,411,35.0,Coffee,32,35,26,9,25.71,15
2024-11-10,Sunday,True,False,True,411,35.0,Cold Drink,45,51,45,6,11.76,20
2024-11-10,Sunday,True,False,True,411,35.0,Veg Puff,24,22,22,0,0.0,18
2024-11-10,Sunday,True,False,True,411,35.0,Maggi,24,30,25,5,16.67,30
2024-11-11,Monday,False,False,True,860,28.2,Samosa,96,111,96,15,13.51,12
2024-11-11,Monday,False,False,True,860,28.2,Vada Pav,86,107,94,13,12.15,15
2024-11-11,Monday,False,False,True,860,28.2,Sandwich,87,101,70,31,30.69,40
2024-11-11,Monday,False,False,True,860,28.2,Tea,128,136,122,14,10.29,8
2024-11-11,Monday,False,False,True,860,28.2,Coffee,76,82,78,4,4.88,15
2024-11-11,Monday,False,False,True,860,28.2,Cold Drink,70,69,69,0,0.0,20
2024-11-11,Monday,False,False,True,860,28.2,Veg Puff,65,81,62,19,23.46,18
2024-11-11,Monday,False,False,True,860,28.2,Maggi,46,49,46,3,6.12,30
2024-11-12,Tuesday,False,False,True,948,24.9,Samosa,104,98,95,3,3.06,12
2024-11-12,Tuesday,False,False,True,948,24.9,Vada Pav,94,115,96,19,16.52,15
2024-11-12,Tuesday,False,False,True,948,24.9,Sandwich,83,89,81,8,8.99,40
2024-11-12,Tuesday,False,False,True,948,24.9,Tea,167,185,173,12,6.49,8
2024-11-12,Tuesday,False,False,True,948,24.9,Coffee,98,85,85,0,0.0,15
2024-11-12,Tuesday,False,False,True,948,24.9,Cold Drink,74,96,76,20,20.83,20
2024-11-12,Tuesday,False,False,True,948,24.9,Veg Puff,74,74,74,0,0.0,18
2024-11-12,Tuesday,False,False,True,948,24.9,Maggi,51,60,50,10,16.67,30
2024-11-13,Wednesday,False,False,True,782,31.7,Samosa,80,75,75,0,0.0,12
2024-11-13,Wednesday,False,False,True,782,31.7,Vada Pav,66,109,68,41,37.61,15
2024-11-13,Wednesday,False,False,True,782,31.7,Sandwich,59,58,53,5,8.62,40
2024-11-13,Wednesday,False,False,True,782,31.7,Tea,73,85,78,7,8.24,8
2024-11-13,Wednesday,False,False,True,782,31.7,Coffee,77,91,75,16,17.58,15
2024-11-13,Wednesday,False,False,True,782,31.7,Cold Drink,91,97,97,0,0.0,20
2024-11-13,Wednesday,False,False,True,782,31.7,Veg Puff,53,60,47,13,21.67,18
2024-11-13,Wednesday,False,False,True,782,31.7,Maggi,46,58,43,15,25.86,30
2024-11-14,Thursday,False,False,True,724,30.6,Samosa,64,83,62,21,25.3,12
2024-11-14,Thursday,False,False,True,724,30.6,Vada Pav,61,59,59,0,0.0,15
2024-11-14,Thursday,False,False,True,724,30.6,Sandwich,79,100,75,25,25.0,40
2024-11-14,Thursday,False,False,True,724,30.6,Tea,102,112,109,3,2.68,8
2024-11-14,Thursday,False,False,True,724,30.6,Coffee,71,50,50,0,0.0,15
2024-11-14,Thursday,False,False,True,724,30.6,Cold Drink,87,102,82,20,19.61,20
2024-11-14,Thursday,False,False,True,724,30.6,Veg Puff,46,39,39,0,0.0,18
2024-11-14,Thursday,False,False,True,724,30.6,Maggi,58,73,64,9,12.33,30
2024-11-15,Friday,False,False,True,888,31.1,Samosa,124,149,122,27,18.12,12
2024-11-15,Friday,False,False,True,888,31.1,Vada Pav,89,121,86,35,28.93,15
2024-11-15,Friday,False,False,True,888,31.1,Sandwich,65,76,67,9,11.84,40
2024-11-15,Friday,False,False,True,888,31.1,Tea,114,106,106,0,0.0,8
2024-11-15,Friday,False,False,True,888,31.1,Coffee,68,75,64,11,14.67,15
2024-11-15,Friday,False,False,True,888,31.1,Cold Drink,122,144,116,28,19.44,20
2024-11-15,Friday,False,False,True,888,31.1,Veg Puff,69,87,68,19,21.84,18
2024-11-15,Friday,False,False,True,888,31.1,Maggi,59,60,57,3,5.0,30
2024-11-16,Saturday,True,False,True,399,26.4,Samosa,58,80,58,22,27.5,12
2024-11-16,Saturday,True,False,True,399,26.4,Vada Pav,45,50,44,6,12.0,15
2024-11-16,Saturday,True,False,True,399,26.4,Sandwich,26,29,25,4,13.79,40
2024-11-16,Saturday,True,False,True,399,26.4,Tea,61,71,63,8,11.27,8
2024-11-16,Saturday,True,False,True,399,26.4,Coffee,44,53,41,12,22.64,15
2024-11-16,Saturday,True,False,True,399,26.4,Cold Drink,17,19,16,3,15.79,20
2024-11-16,Saturday,True,False,True,399,26.4,Veg Puff,23,26,25,1,3.85,18
2024-11-16,Saturday,True,False,True,399,26.4,Maggi,11,9,9,0,0.0,30
2024-11-17,Sunday,True,False,True,481,29.6,Samosa,51,68,47,21,30.88,12
2024-11-17,Sunday,True,False,True,481,29.6,Vada Pav,30,36,31,5,13.89,15
2024-11-17,Sunday,True,False,True,481,29.6,Sandwich,50,64,49,15,23.44,40
2024-11-17,Sunday,True,False,True,481,29.6,Tea,34,36,32,4,11.11,8
2024-11-17,Sunday,True,False,True,481,29.6,Coffee,42,49,39,10,20.41,15
2024-11-17,Sunday,True,False,True,481,29.6,Cold Drink,37,47,37,10,21.28,20
2024-11-17,Sunday,True,False,True,481,29.6,Veg Puff,32,38,34,4,10.53,18
2024-11-17,Sunday,True,False,True,481,29.6,Maggi,25,27,23,4,14.81,30
2024-11-18,Monday,False,False,True,824,24.1,Samosa,91,101,84,17,16.83,12
2024-11-18,Monday,False,False,True,824,24.1,Vada Pav,65,82,65,17,20.73,15
2024-11-18,Monday,False,False,True,824,24.1,Sandwich,67,80,67,13,16.25,40
2024-11-18,Monday,False,False,True,824,24.1,Tea,138,161,127,34,21.12,8
2024-11-18,Monday,False,False,True,824,24.1,Coffee,105,126,101,25,19.84,15
2024-11-18,Monday,False,False,True,824,24.1,Cold Drink,55,66,54,12,18.18,20
2024-11-18,Monday,False,False,True,824,24.1,Veg Puff,70,76,67,9,11.84,18
2024-11-18,Monday,False,False,True,824,24.1,Maggi,56,72,56,16,22.22,30
2024-11-19,Tuesday,False,False,True,867,28.9,Samosa,101,133,104,29,21.8,12
2024-11-19,Tuesday,False,False,True,867,28.9,Vada Pav,76,102,67,35,34.31,15
2024-11-19,Tuesday,False,False,True,867,28.9,Sandwich,87,77,77,0,0.0,40
2024-11-19,Tuesday,False,False,True,867,28.9,Tea,107,120,112,8,6.67,8
2024-11-19,Tuesday,False,False,True,867,28.9,Coffee,67,79,65,14,17.72,15
2024-11-19,Tuesday,False,False,True,867,28.9,Cold Drink,90,102,90,12,11.76,20
2024-11-19,Tuesday,False,False,True,867,28.9,Veg Puff,57,61,57,4,6.56,18
2024-11-19,Tuesday,False,False,True,867,28.9,Maggi,59,62,56,6,9.68,30
2024-11-20,Wednesday,False,False,True,861,28.9,Samosa,107,108,97,11,10.19,12
2024-11-20,Wednesday,False,False,True,861,28.9,Vada Pav,72,74,71,3,4.05,15
2024-11-20,Wednesday,False,False,True,861,28.9,Sandwich,63,79,62,17,21.52,40
2024-11-20,Wednesday,False,False,True,861,28.9,Tea,109,127,110,17,13.39,8
2024-11-20,Wednesday,False,False,True,861,28.9,Coffee,78,95,74,21,22.11,15
2024-11-20,Wednesday,False,False,True,861,28.9,Cold Drink,100,111,93,18,16.22,20
2024-11-20,Wednesday,False,False,True,861,28.9,Veg Puff,62,63,63,0,0.0,18
2024-11-20,Wednesday,False,False,True,861,28.9,Maggi,67,69,68,1,1.45,30
2024-11-21,Thursday,False,False,True,624,29.9,Samosa,60,63,56,7,11.11,12
2024-11-21,Thursday,False,False,True,624,29.9,Vada Pav,62,80,62,18,22.5,15
2024-11-21,Thursday,False,False,True,624,29.9,Sandwich,42,58,40,18,31.03,40
2024-11-21,Thursday,False,False,True,624,29.9,Tea,42,51,39,12,23.53,8
2024-11-21,Thursday,False,False,True,624,29.9,Coffee,66,72,67,5,6.94,15
2024-11-21,Thursday,False,False,True,624,29.9,Cold Drink,78,75,75,0,0.0,20
2024-11-21,Thursday,False,False,True,624,29.9,Veg Puff,43,59,41,18,30.51,18
2024-11-21,Thursday,False,False,True,624,29.9,Maggi,34,41,33,8,19.51,30
2024-11-22,Friday,False,False,True,815,25.9,Samosa,118,111,111,0,0.0,12
2024-11-22,Friday,False,False,True,815,25.9,Vada Pav,72,103,67,36,34.95,15
2024-11-22,Friday,False,False,True,815,25.9,Sandwich,82,103,83,20,19.42,40
2024-11-22,Friday,False,False,True,815,25.9,Tea,97,119,93,26,21.85,8
2024-11-22,Friday,False,False,True,815,25.9,Coffee,96,96,95,1,1.04,15
2024-11-22,Friday,False,False,True,815,25.9,Cold Drink,67,67,67,0,0.0,20
2024-11-22,Friday,False,False,True,815,25.9,Veg Puff,61,81,55,26,32.1,18
2024-11-22,Friday,False,False,True,815,25.9,Maggi,56,85,54,31,36.47,30
2024-11-23,Saturday,True,False,True,594,28.5,Samosa,38,41,39,2,4.88,12
2024-11-23,Saturday,True,False,True,594,28.5,Vada Pav,35,37,36,1,2.7,15
2024-11-23,Saturday,True,False,True,594,28.5,Sandwich,39,48,39,9,18.75,40
2024-11-23,Saturday,True,False,True,594,28.5,Tea,69,74,69,5,6.76,8
2024-11-23,Saturday,True,False,True,594,28.5,Coffee,35,47,33,14,29.79,15
2024-11-23,Saturday,True,False,True,594,28.5,Cold Drink,58,64,58,6,9.38,20
2024-11-23,Saturday,True,False,True,594,28.5,Veg Puff,30,29,27,2,6.9,18
2024-11-23,Saturday,True,False,True,594,28.5,Maggi,23,25,23,2,8.0,30
2024-11-24,Sunday,True,False,True,550,28.1,Samosa,40,37,37,0,0.0,12
2024-11-24,Sunday,True,False,True,550,28.1,Vada Pav,53,71,54,17,23.94,15
2024-11-24,Sunday,True,False,True,550,28.1,Sandwich,41,57,41,16,28.07,40
2024-11-24,Sunday,True,False,True,550,28.1,Tea,67,73,62,11,15.07,8
2024-11-24,Sunday,True,False,True,550,28.1,Coffee,35,40,35,5,12.5,15
2024-11-24,Sunday,True,False,True,550,28.1,Cold Drink,61,70,64,6,8.57,20
2024-11-24,Sunday,True,False,True,550,28.1,Veg Puff,28,30,26,4,13.33,18
2024-11-24,Sunday,True,False,True,550,28.1,Maggi,22,27,22,5,18.52,30
2024-11-25,Monday,False,False,True,894,29.4,Samosa,97,142,96,46,32.39,12
2024-11-25,Monday,False,False,True,894,29.4,Vada Pav,91,99,94,5,5.05,15
2024-11-25,Monday,False,False,True,894,29.4,Sandwich,79,93,69,24,25.81,40
2024-11-25,Monday,False,False,True,894,29.4,Tea,110,146,112,34,23.29,8
2024-11-25,Monday,False,False,True,894,29.4,Coffee,85,75,75,0,0.0,15
2024-11-25,Monday,False,False,True,894,29.4,Cold Drink,96,116,101,15,12.93,20
2024-11-25,Monday,False,False,True,894,29.4,Veg Puff,62,75,62,13,17.33,18
2024-11-25,Monday,False,False,True,894,29.4,Maggi,48,38,38,0,0.0,30
2024-11-26,Tuesday,False,False,True,817,27.8,Samosa,73,90,72,18,20.0,12
2024-11-26,Tuesday,False,False,True,817,27.8,Vada Pav,78,111,69,42,37.84,15
2024-11-26,Tuesday,False,False,True,817,27.8,Sandwich,59,65,63,2,3.08,40
2024-11-26,Tuesday,False,False,True,817,27.8,Tea,81,116,81,35,30.17,8
2024-11-26,Tuesday,False,False,True,817,27.8,Coffee,76,85,74,11,12.94,15
2024-11-26,Tuesday,False,False,True,817,27.8,Cold Drink,88,87,87,0,0.0,20
2024-11-26,Tuesday,False,False,True,817,27.8,Veg Puff,54,55,55,0,0.0,18
2024-11-26,Tuesday,False,False,True,817,27.8,Maggi,52,64,54,10,15.62,30
2024-11-27,Wednesday,False,False,True,657,32.5,Samosa,44,45,42,3,6.67,12
2024-11-27,Wednesday,False,False,True,657,32.5,Vada Pav,64,75,63,12,16.0,15
2024-11-27,Wednesday,False,False,True,657,32.5,Sandwich,52,52,48,4,7.69,40
2024-11-27,Wednesday,False,False,True,657,32.5,Tea,83,104,89,15,14.42,8
2024-11-27,Wednesday,False,False,True,657,32.5,Coffee,44,55,43,12,21.82,15
2024-11-27,Wednesday,False,False,True,657,32.5,Cold Drink,87,113,87,26,23.01,20
2024-11-27,Wednesday,False,False,True,657,32.5,Veg Puff,43,55,44,11,20.0,18
2024-11-27,Wednesday,False,False,True,657,32.5,Maggi,35,33,33,0,0.0,30
2024-11-28,Thursday,False,False,True,951,31.3,Samosa,94,91,91,0,0.0,12
2024-11-28,Thursday,False,False,True,951,31.3,Vada Pav,74,90,71,19,21.11,15
2024-11-28,Thursday,False,False,True,951,31.3,Sandwich,90,93,93,0,0.0,40
2024-11-28,Thursday,False,False,True,951,31.3,Tea,112,133,100,33,24.81,8
2024-11-28,Thursday,False,False,True,951,31.3,Coffee,55,61,55,6,9.84,15
2024-11-28,Thursday,False,False,True,951,31.3,Cold Drink,96,94,94,0,0.0,20
2024-11-28,Thursday,False,False,True,951,31.3,Veg Puff,71,80,73,7,8.75,18
2024-11-28,Thursday,False,False,True,951,31.3,Maggi,50,54,54,0,0.0,30
2024-11-29,Friday,False,False,True,806,29.3,Samosa,119,111,111,0,0.0,12
2024-11-29,Friday,False,False,True,806,29.3,Vada Pav,88,96,91,5,5.21,15
2024-11-29,Friday,False,False,True,806,29.3,Sandwich,56,58,57,1,1.72,40
2024-11-29,Friday,False,False,True,806,29.3,Tea,111,146,119,27,18.49,8
2024-11-29,Friday,False,False,True,806,29.3,Coffee,72,95,70,25,26.32,15
2024-11-29,Friday,False,False,True,806,29.3,Cold Drink,91,107,93,14,13.08,20
2024-11-29,Friday,False,False,True,806,29.3,Veg Puff,60,54,54,0,0.0,18
2024-11-29,Friday,False,False,True,806,29.3,Maggi,50,44,44,0,0.0,30
2024-11-30,Saturday,True,False,True,543,29.7,Samosa,37,50,40,10,20.0,12
2024-11-30,Saturday,True,False,True,543,29.7,Vada Pav,41,50,41,9,18.0,15
2024-11-30,Saturday,True,False,True,543,29.7,Sandwich,40,45,39,6,13.33,40
2024-11-30,Saturday,True,False,True,543,29.7,Tea,68,102,63,39,38.24,8
2024-11-30,Saturday,True,False,True,543,29.7,Coffee,38,36,36,0,0.0,15
2024-11-30,Saturday,True,False,True,543,29.7,Cold Drink,41,38,38,0,0.0,20
2024-11-30,Saturday,True,False,True,543,29.7,Veg Puff,44,54,44,10,18.52,18
2024-11-30,Saturday,True,False,True,543,29.7,Maggi,30,40,28,12,30.0,30
2024-12-01,Sunday,True,False,True,494,24.1,Samosa,32,35,33,2,5.71,12
2024-12-01,Sunday,True,False,True,494,24.1,Vada Pav,41,51,41,10,19.61,15
2024-12-01,Sunday,True,False,True,494,24.1,Sandwich,37,38,36,2,5.26,40
2024-12-01,Sunday,True,False,True,494,24.1,Tea,62,73,62,11,15.07,8
2024-12-01,Sunday,True,False,True,494,24.1,Coffee,41,44,44,0,0.0,15
2024-12-01,Sunday,True,False,True,494,24.1,Cold Drink,41,49,40,9,18.37,20
2024-12-01,Sunday,True,False,True,494,24.1,Veg Puff,25,28,25,3,10.71,18
2024-12-01,Sunday,True,False,True,494,24.1,Maggi,12,10,10,0,0.0,30
2024-12-02,Monday,False,False,True,820,24.5,Samosa,110,102,102,0,0.0,12
2024-12-02,Monday,False,False,True,820,24.5,Vada Pav,88,102,91,11,10.78,15
2024-12-02,Monday,False,False,True,820,24.5,Sandwich,83,86,82,4,4.65,40
2024-12-02,Monday,False,False,True,820,24.5,Tea,113,96,96,0,0.0,8
2024-12-02,Monday,False,False,True,820,24.5,Coffee,96,118,98,20,16.95,15
2024-12-02,Monday,False,False,True,820,24.5,Cold Drink,64,67,67,0,0.0,20
2024-12-02,Monday,False,False,True,820,24.5,Veg Puff,54,64,54,10,15.62,18
2024-12-02,Monday,False,False,True,820,24.5,Maggi,59,76,55,21,27.63,30
2024-12-03,Tuesday,False,False,True,681,26.2,Samosa,76,82,79,3,3.66,12
2024-12-03,Tuesday,False,False,True,681,26.2,Vada Pav,62,71,64,7,9.86,15
2024-12-03,Tuesday,False,False,True,681,26.2,Sandwich,51,70,48,22,31.43,40
2024-12-03,Tuesday,False,False,True,681,26.2,Tea,102,139,94,45,32.37,8
2024-12-03,Tuesday,False,False,True,681,26.2,Coffee,64,84,67,17,20.24,15
2024-12-03,Tuesday,False,False,True,681,26.2,Cold Drink,59,61,61,0,0.0,20
2024-12-03,Tuesday,False,False,True,681,26.2,Veg Puff,57,55,53,2,3.64,18
2024-12-03,Tuesday,False,False,True,681,26.2,Maggi,43,53,42,11,20.75,30
2024-12-04,Wednesday,False,False,True,867,23.6,Samosa,72,78,72,6,7.69,12
2024-12-04,Wednesday,False,False,True,867,23.6,Vada Pav,75,73,68,5,6.85,15
2024-12-04,Wednesday,False,False,True,867,23.6,Sandwich,65,83,69,14,16.87,40
2024-12-04,Wednesday,False,False,True,867,23.6,Tea,145,149,136,13,8.72,8
2024-12-04,Wednesday,False,False,True,867,23.6,Coffee,99,123,100,23,18.7,15
2024-12-04,Wednesday,False,False,True,867,23.6,Cold Drink,50,50,49,1,2.0,20
2024-12-04,Wednesday,False,False,True,867,23.6,Veg Puff,65,82,65,17,20.73,18
2024-12-04,Wednesday,False,False,True,867,23.6,Maggi,55,63,56,7,11.11,30
2024-12-05,Thursday,False,False,True,831,25.1,Samosa,90,104,92,12,11.54,12
2024-12-05,Thursday,False,False,True,831,25.1,Vada Pav,77,92,82,10,10.87,15
2024-12-05,Thursday,False,False,True,831,25.1,Sandwich,68,71,71,0,0.0,40
2024-12-05,Thursday,False,False,True,831,25.1,Tea,96,94,94,0,0.0,8
2024-12-05,Thursday,False,False,True,831,25.1,Coffee,91,87,87,0,0.0,15
2024-12-05,Thursday,False,False,True,831,25.1,Cold Drink,65,70,68,2,2.86,20
2024-12-05,Thursday,False,False,True,831,25.1,Veg Puff,64,73,62,11,15.07,18
2024-12-05,Thursday,False,False,True,831,25.1,Maggi,42,57,43,14,24.56,30
2024-12-06,Friday,False,False,True,729,26.4,Samosa,81,89,82,7,7.87,12
2024-12-06,Friday,False,False,True,729,26.4,Vada Pav,58,63,58,5,7.94,15
2024-12-06,Friday,False,False,True,729,26.4,Sandwich,54,67,59,8,11.94,40
2024-12-06,Friday,False,False,True,729,26.4,Tea,87,78,78,0,0.0,8
2024-12-06,Friday,False,False,True,729,26.4,Coffee,70,73,70,3,4.11,15
2024-12-06,Friday,False,False,True,729,26.4,Cold Drink,67,60,60,0,0.0,20
2024-12-06,Friday,False,False,True,729,26.4,Veg Puff,53,62,51,11,17.74,18
2024-12-06,Friday,False,False,True,729,26.4,Maggi,33,40,35,5,12.5,30
2024-12-07,Saturday,True,False,True,513,23.3,Samosa,48,45,45,0,0.0,12
2024-12-07,Saturday,True,False,True,513,23.3,Vada Pav,38,33,33,0,0.0,15
2024-12-07,Saturday,True,False,True,513,23.3,Sandwich,37,40,36,4,10.0,40
2024-12-07,Saturday,True,False,True,513,23.3,Tea,44,54,42,12,22.22,8
2024-12-07,Saturday,True,False,True,513,23.3,Coffee,22,24,23,1,4.17,15
2024-12-07,Saturday,True,False,True,513,23.3,Cold Drink,29,40,29,11,27.5,20
2024-12-07,Saturday,True,False,True,513,23.3,Veg Puff,32,36,31,5,13.89,18
2024-12-07,Saturday,True,False,True,513,23.3,Maggi,24,26,24,2,7.69,30
2024-12-08,Sunday,True,False,True,453,22.8,Samosa,28,40,28,12,30.0,12
2024-12-08,Sunday,True,False,True,453,22.8,Vada Pav,36,35,35,0,0.0,15
2024-12-08,Sunday,True,False,True,453,22.8,Sandwich,28,33,26,7,21.21,40
2024-12-08,Sunday,True,False,True,453,22.8,Tea,58,63,55,8,12.7,8
2024-12-08,Sunday,True,False,True,453,22.8,Coffee,49,45,45,0,0.0,15
2024-12-08,Sunday,True,False,True,453,22.8,Cold Drink,34,34,32,2,5.88,20
2024-12-08,Sunday,True,False,True,453,22.8,Veg Puff,24,28,23,5,17.86,18
2024-12-08,Sunday,True,False,True,453,22.8,Maggi,25,35,24,11,31.43,30
2024-12-09,Monday,False,False,True,628,26.7,Samosa,91,110,86,24,21.82,12
2024-12-09,Monday,False,False,True,628,26.7,Vada Pav,55,54,54,0,0.0,15
2024-12-09,Monday,False,False,True,628,26.7,Sandwich,38,41,36,5,12.2,40
2024-12-09,Monday,False,False,True,628,26.7,Tea,86,94,86,8,8.51,8
2024-12-09,Monday,False,False,True,628,26.7,Coffee,62,62,62,0,0.0,15
2024-12-09,Monday,False,False,True,628,26.7,Cold Drink,57,57,57,0,0.0,20
2024-12-09,Monday,False,False,True,628,26.7,Veg Puff,48,54,51,3,5.56,18
2024-12-09,Monday,False,False,True,628,26.7,Maggi,50,56,50,6,10.71,30
2024-12-10,Tuesday,False,False,True,701,24.7,Samosa,77,90,78,12,13.33,12
2024-12-10,Tuesday,False,False,True,701,24.7,Vada Pav,68,80,63,17,21.25,15
2024-12-10,Tuesday,False,False,True,701,24.7,Sandwich,48,51,47,4,7.84,40
2024-12-10,Tuesday,False,False,True,701,24.7,Tea,115,112,112,0,0.0,8
2024-12-10,Tuesday,False,False,True,701,24.7,Coffee,83,91,84,7,7.69,15
2024-12-10,Tuesday,False,False,True,701,24.7,Cold Drink,57,67,56,11,16.42,20
2024-12-10,Tuesday,False,False,True,701,24.7,Veg Puff,54,49,49,0,0.0,18
2024-12-10,Tuesday,False,False,True,701,24.7,Maggi,44,54,47,7,12.96,30
2024-12-11,Wednesday,False,False,True,760,28.0,Samosa,78,105,81,24,22.86,12
2024-12-11,Wednesday,False,False,True,760,28.0,Vada Pav,59,70,58,12,17.14,15
2024-12-11,Wednesday,False,False,True,760,28.0,Sandwich,66,73,64,9,12.33,40
2024-12-11,Wednesday,False,False,True,760,28.0,Tea,118,133,122,11,8.27,8
2024-12-11,Wednesday,False,False,True,760,28.0,Coffee,69,96,66,30,31.25,15
2024-12-11,Wednesday,False,False,True,760,28.0,Cold Drink,68,93,66,27,29.03,20
2024-12-11,Wednesday,False,False,True,760,28.0,Veg Puff,65,83,64,19,22.89,18
2024-12-11,Wednesday,False,False,True,760,28.0,Maggi,34,39,34,5,12.82,30
2024-12-12,Thursday,False,False,True,916,28.2,Samosa,95,120,98,22,18.33,12
2024-12-12,Thursday,False,False,True,916,28.2,Vada Pav,92,112,83,29,25.89,15
2024-12-12,Thursday,False,False,True,916,28.2,Sandwich,72,70,70,0,0.0,40
2024-12-12,Thursday,False,False,True,916,28.2,Tea,132,157,139,18,11.46,8
2024-12-12,Thursday,False,False,True,916,28.2,Coffee,89,85,77,8,9.41,15
2024-12-12,Thursday,False,False,True,916,28.2,Cold Drink,91,101,86,15,14.85,20
2024-12-12,Thursday,False,False,True,916,28.2,Veg Puff,52,54,51,3,5.56,18
2024-12-12,Thursday,False,False,True,916,28.2,Maggi,60,70,64,6,8.57,30
2024-12-13,Friday,False,False,True,696,26.8,Samosa,79,99,77,22,22.22,12
2024-12-13,Friday,False,False,True,696,26.8,Vada Pav,72,85,69,16,18.82,15
2024-12-13,Friday,False,False,True,696,26.8,Sandwich,55,61,56,5,8.2,40
2024-12-13,Friday,False,False,True,696,26.8,Tea,75,85,76,9,10.59,8
2024-12-13,Friday,False,False,True,696,26.8,Coffee,68,91,70,21,23.08,15
2024-12-13,Friday,False,False,True,696,26.8,Cold Drink,64,75,64,11,14.67,20
2024-12-13,Friday,False,False,True,696,26.8,Veg Puff,52,45,45,0,0.0,18
2024-12-13,Friday,False,False,True,696,26.8,Maggi,33,44,32,12,27.27,30
2024-12-14,Saturday,True,False,True,490,26.8,Samosa,50,49,49,0,0.0,12
2024-12-14,Saturday,True,False,True,490,26.8,Vada Pav,33,29,29,0,0.0,15
2024-12-14,Saturday,True,False,True,490,26.8,Sandwich,30,33,27,6,18.18,40
2024-12-14,Saturday,True,False,True,490,26.8,Tea,71,80,71,9,11.25,8
2024-12-14,Saturday,True,False,True,490,26.8,Coffee,44,45,45,0,0.0,15
2024-12-14,Saturday,True,False,True,490,26.8,Cold Drink,34,34,34,0,0.0,20
2024-12-14,Saturday,True,False,True,490,26.8,Veg Puff,39,49,40,9,18.37,18
2024-12-14,Saturday,True,False,True,490,26.8,Maggi,21,19,19,0,0.0,30
2024-12-15,Sunday,True,False,True,602,28.1,Samosa,52,50,49,1,2.0,12
2024-12-15,Sunday,True,False,True,602,28.1,Vada Pav,28,31,30,1,3.23,15
2024-12-15,Sunday,True,False,True,602,28.1,Sandwich,38,45,40,5,11.11,40
2024-12-15,Sunday,True,False,True,602,28.1,Tea,57,82,62,20,24.39,8
2024-12-15,Sunday,True,False,True,602,28.1,Coffee,45,47,46,1,2.13,15
2024-12-15,Sunday,True,False,True,602,28.1,Cold Drink,45,43,43,0,0.0,20
2024-12-15,Sunday,True,False,True,602,28.1,Veg Puff,44,51,41,10,19.61,18
2024-12-15,Sunday,True,False,True,602,28.1,Maggi,22,25,21,4,16.0,30
2024-12-16,Monday,False,False,True,765,27.0,Samosa,95,128,90,38,29.69,12
2024-12-16,Monday,False,False,True,765,27.0,Vada Pav,65,82,66,16,19.51,15
2024-12-16,Monday,False,False,True,765,27.0,Sandwich,74,89,80,9,10.11,40
2024-12-16,Monday,False,False,True,765,27.0,Tea,109,142,107,35,24.65,8
2024-12-16,Monday,False,False,True,765,27.0,Coffee,74,95,79,16,16.84,15
2024-12-16,Monday,False,False,True,765,27.0,Cold Drink,78,88,83,5,5.68,20
2024-12-16,Monday,False,False,True,765,27.0,Veg Puff,37,34,34,0,0.0,18
2024-12-16,Monday,False,False,True,765,27.0,Maggi,47,58,47,11,18.97,30
2024-12-17,Tuesday,False,False,True,857,23.4,Samosa,103,133,109,24,18.05,12
2024-12-17,Tuesday,False,False,True,857,23.4,Vada Pav,96,113,97,16,14.16,15
2024-12-17,Tuesday,False,False,True,857,23.4,Sandwich,55,58,54,4,6.9,40
2024-12-17,Tuesday,False,False,True,857,23.4,Tea,143,151,148,3,1.99,8
2024-12-17,Tuesday,False,False,True,857,23.4,Coffee,93,104,94,10,9.62,15
2024-12-17,Tuesday,False,False,True,857,23.4,Cold Drink,63,68,57,11,16.18,20
2024-12-17,Tuesday,False,False,True,857,23.4,Veg Puff,58,62,56,6,9.68,18
2024-12-17,Tuesday,False,False,True,857,23.4,Maggi,55,68,55,13,19.12,30
2024-12-18,Wednesday,False,False,True,899,26.2,Samosa,98,105,99,6,5.71,12
2024-12-18,Wednesday,False,False,True,899,26.2,Vada Pav,86,116,91,25,21.55,15
2024-12-18,Wednesday,False,False,True,899,26.2,Sandwich,67,76,69,7,9.21,40
2024-12-18,Wednesday,False,False,True,899,26.2,Tea,138,178,137,41,23.03,8
2024-12-18,Wednesday,False,False,True,899,26.2,Coffee,76,76,76,0,0.0,15
2024-12-18,Wednesday,False,False,True,899,26.2,Cold Drink,83,81,81,0,0.0,20
2024-12-18,Wednesday,False,False,True,899,26.2,Veg Puff,68,66,66,0,0.0,18
2024-12-18,Wednesday,False,False,True,899,26.2,Maggi,52,69,50,19,27.54,30
2024-12-19,Thursday,False,False,True,697,24.1,Samosa,77,84,76,8,9.52,12
2024-12-19,Thursday,False,False,True,697,24.1,Vada Pav,65,73,64,9,12.33,15
2024-12-19,Thursday,False,False,True,697,24.1,Sandwich,41,49,40,9,18.37,40
2024-12-19,Thursday,False,False,True,697,24.1,Tea,125,126,113,13,10.32,8
2024-12-19,Thursday,False,False,True,697,24.1,Coffee,81,97,76,21,21.65,15
2024-12-19,Thursday,False,False,True,697,24.1,Cold Drink,42,57,44,13,22.81,20
2024-12-19,Thursday,False,False,True,697,24.1,Veg Puff,30,32,32,0,0.0,18
2024-12-19,Thursday,False,False,True,697,24.1,Maggi,39,41,38,3,7.32,30
2024-12-20,Friday,False,False,True,687,21.6,Samosa,90,78,78,0,0.0,12
2024-12-20,Friday,False,False,True,687,21.6,Vada Pav,70,65,65,0,0.0,15
2024-12-20,Friday,False,False,True,687,21.6,Sandwich,65,79,62,17,21.52,40
2024-12-20,Friday,False,False,True,687,21.6,Tea,125,166,126,40,24.1,8
2024-12-20,Friday,False,False,True,687,21.6,Coffee,68,73,68,5,6.85,15
2024-12-20,Friday,False,False,True,687,21.6,Cold Drink,46,59,42,17,28.81,20
2024-12-20,Friday,False,False,True,687,21.6,Veg Puff,37,43,36,7,16.28,18
2024-12-20,Friday,False,False,True,687,21.6,Maggi,38,33,33,0,0.0,30
2024-12-21,Saturday,True,False,True,497,26.3,Samosa,47,53,49,4,7.55,12
2024-12-21,Saturday,True,False,True,497,26.3,Vada Pav,24,29,21,8,27.59,15
2024-12-21,Saturday,True,False,True,497,26.3,Sandwich,25,24,24,0,0.0,40
2024-12-21,Saturday,True,False,True,497,26.3,Tea,54,61,51,10,16.39,8
2024-12-21,Saturday,True,False,True,497,26.3,Coffee,37,38,37,1,2.63,15
2024-12-21,Saturday,True,False,True,497,26.3,Cold Drink,28,37,25,12,32.43,20
2024-12-21,Saturday,True,False,True,497,26.3,Veg Puff,22,30,21,9,30.0,18
2024-12-21,Saturday,True,False,True,497,26.3,Maggi,16,18,15,3,16.67,30
2024-12-22,Sunday,True,False,True,458,22.8,Samosa,75,83,67,16,19.28,12
2024-12-22,Sunday,True,False,True,458,22.8,Vada Pav,48,59,46,13,22.03,15
2024-12-22,Sunday,True,False,True,458,22.8,Sandwich,22,27,21,6,22.22,40
2024-12-22,Sunday,True,False,True,458,22.8,Tea,28,39,27,12,30.77,8
2024-12-22,Sunday,True,False,True,458,22.8,Coffee,58,77,55,22,28.57,15
2024-12-22,Sunday,True,False,True,458,22.8,Cold Drink,37,38,33,5,13.16,20
2024-12-22,Sunday,True,False,True,458,22.8,Veg Puff,23,27,22,5,18.52,18
2024-12-22,Sunday,True,False,True,458,22.8,Maggi,21,27,21,6,22.22,30
2024-12-23,Monday,False,False,True,715,26.4,Samosa,83,64,64,0,0.0,12
2024-12-23,Monday,False,False,True,715,26.4,Vada Pav,67,77,69,8,10.39,15
2024-12-23,Monday,False,False,True,715,26.4,Sandwich,51,61,47,14,22.95,40
2024-12-23,Monday,False,False,True,715,26.4,Tea,103,148,97,51,34.46,8
2024-12-23,Monday,False,False,True,715,26.4,Coffee,62,64,62,2,3.12,15
2024-12-23,Monday,False,False,True,715,26.4,Cold Drink,55,66,57,9,13.64,20
2024-12-23,Monday,False,False,True,715,26.4,Veg Puff,54,47,47,0,0.0,18
2024-12-23,Monday,False,False,True,715,26.4,Maggi,49,62,49,13,20.97,30
2024-12-24,Tuesday,False,False,True,822,27.1,Samosa,116,116,116,0,0.0,12
2024-12-24,Tuesday,False,False,True,822,27.1,Vada Pav,72,81,66,15,18.52,15
2024-12-24,Tuesday,False,False,True,822,27.1,Sandwich,63,63,61,2,3.17,40
2024-12-24,Tuesday,False,False,True,822,27.1,Tea,92,99,90,9,9.09,8
2024-12-24,Tuesday,False,False,True,822,27.1,Coffee,81,73,73,0,0.0,15
2024-12-24,Tuesday,False,False,True,822,27.1,Cold Drink,80,82,82,0,0.0,20
2024-12-24,Tuesday,False,False,True,822,27.1,Veg Puff,59,73,63,10,13.7,18
2024-12-24,Tuesday,False,False,True,822,27.1,Maggi,48,51,50,1,1.96,30
2024-12-25,Wednesday,False,False,True,850,24.6,Samosa,113,126,113,13,10.32,12
2024-12-25,Wednesday,False,False,True,850,24.6,Vada Pav,76,76,76,0,0.0,15
2024-12-25,Wednesday,False,False,True,850,24.6,Sandwich,80,97,80,17,17.53,40
2024-12-25,Wednesday,False,False,True,850,24.6,Tea,119,142,123,19,13.38,8
2024-12-25,Wednesday,False,False,True,850,24.6,Coffee,95,104,96,8,7.69,15
2024-12-25,Wednesday,False,False,True,850,24.6,Cold Drink,75,74,74,0,0.0,20
2024-12-25,Wednesday,False,False,True,850,24.6,Veg Puff,43,52,44,8,15.38,18
2024-12-25,Wednesday,False,False,True,850,24.6,Maggi,57,62,57,5,8.06,30
2024-12-26,Thursday,False,False,True,942,27.8,Samosa,106,124,111,13,10.48,12
2024-12-26,Thursday,False,False,True,942,27.8,Vada Pav,70,77,74,3,3.9,15
2024-12-26,Thursday,False,False,True,942,27.8,Sandwich,83,100,76,24,24.0,40
2024-12-26,Thursday,False,False,True,942,27.8,Tea,121,128,123,5,3.91,8
2024-12-26,Thursday,False,False,True,942,27.8,Coffee,80,79,71,8,10.13,15
2024-12-26,Thursday,False,False,True,942,27.8,Cold Drink,102,111,102,9,8.11,20
2024-12-26,Thursday,False,False,True,942,27.8,Veg Puff,66,65,61,4,6.15,18
2024-12-26,Thursday,False,False,True,942,27.8,Maggi,51,53,51,2,3.77,30
2024-12-27,Friday,False,False,True,720,28.5,Samosa,93,118,92,26,22.03,12
2024-12-27,Friday,False,False,True,720,28.5,Vada Pav,78,87,77,10,11.49,15
2024-12-27,Friday,False,False,True,720,28.5,Sandwich,59,74,60,14,18.92,40
2024-12-27,Friday,False,False,True,720,28.5,Tea,84,89,86,3,3.37,8
2024-12-27,Friday,False,False,True,720,28.5,Coffee,74,80,68,12,15.0,15
2024-12-27,Friday,False,False,True,720,28.5,Cold Drink,70,87,76,11,12.64,20
2024-12-27,Friday,False,False,True,720,28.5,Veg Puff,42,45,41,4,8.89,18
2024-12-27,Friday,False,False,True,720,28.5,Maggi,53,60,50,10,16.67,30
2024-12-28,Saturday,True,False,True,527,24.2,Samosa,34,34,34,0,0.0,12
2024-12-28,Saturday,True,False,True,527,24.2,Vada Pav,42,48,41,7,14.58,15
2024-12-28,Saturday,True,False,True,527,24.2,Sandwich,37,44,37,7,15.91,40
2024-12-28,Saturday,True,False,True,527,24.2,Tea,64,81,64,17,20.99,8
2024-12-28,Saturday,True,False,True,527,24.2,Coffee,35,37,31,6,16.22,15
2024-12-28,Saturday,True,False,True,527,24.2,Cold Drink,53,67,50,17,25.37,20
2024-12-28,Saturday,True,False,True,527,24.2,Veg Puff,28,29,29,0,0.0,18
2024-12-28,Saturday,True,False,True,527,24.2,Maggi,17,19,16,3,15.79,30
2024-12-29,Sunday,True,False,True,541,24.8,Samosa,29,32,27,5,15.62,12
2024-12-29,Sunday,True,False,True,541,24.8,Vada Pav,40,54,36,18,33.33,15
2024-12-29,Sunday,True,False,True,541,24.8,Sandwich,28,29,27,2,6.9,40
2024-12-29,Sunday,True,False,True,541,24.8,Tea,74,83,75,8,9.64,8
2024-12-29,Sunday,True,False,True,541,24.8,Coffee,39,46,40,6,13.04,15
2024-12-29,Sunday,True,False,True,541,24.8,Cold Drink,30,38,30,8,21.05,20
2024-12-29,Sunday,True,False,True,541,24.8,Veg Puff,39,43,39,4,9.3,18
2024-12-29,Sunday,True,False,True,541,24.8,Maggi,27,30,27,3,10.0,30
2024-12-30,Monday,False,False,True,853,22.5,Samosa,113,98,98,0,0.0,12
2024-12-30,Monday,False,False,True,853,22.5,Vada Pav,75,90,80,10,11.11,15
2024-12-30,Monday,False,False,True,853,22.5,Sandwich,52,55,46,9,16.36,40
2024-12-30,Monday,False,False,True,853,22.5,Tea,130,154,140,14,9.09,8
2024-12-30,Monday,False,False,True,853,22.5,Coffee,96,125,98,27,21.6,15
2024-12-30,Monday,False,False,True,853,22.5,Cold Drink,59,55,55,0,0.0,20
2024-12-30,Monday,False,False,True,853,22.5,Veg Puff,49,65,48,17,26.15,18
2024-12-30,Monday,False,False,True,853,22.5,Maggi,60,64,60,4,6.25,30
